customer_id,customer_name,age,city,signup_date
1,Customer_1,58,Mumbai,2022-01-26
2,Customer_2,35,Chennai,2022-08-17
3,Customer_3,26,Mumbai,2023-11-24
4,Customer_4,52,Mumbai,2023-08-28
5,Customer_5,45,Delhi,2022-01-31
6,Customer_6,23,Chennai,2022-08-27
7,Customer_7,50,Delhi,2023-07-29
8,Customer_8,30,Pune,2022-08-14
9,Customer_9,46,Kolkata,2024-04-08
10,Customer_10,18,Bangalore,2023-12-16
11,Customer_11,45,Jaipur,2022-10-12
12,Customer_12,27,Chennai,2024-09-07
13,Customer_13,39,Mumbai,2022-04-05
14,Customer_14,42,Mumbai,2023-01-03
15,Customer_15,40,Kolkata,2024-04-06
16,Customer_16,20,Hyderabad,2023-07-04
17,Customer_17,25,Pune,2022-03-22
18,Customer_18,53,Kolkata,2024-04-29
19,Customer_19,58,Jaipur,2023-08-15
20,Customer_20,30,Mumbai,2022-02-16
21,Customer_21,60,Chennai,2024-03-02
22,Customer_22,36,Mumbai,2024-05-25
23,Customer_23,32,Mumbai,2023-01-25
24,Customer_24,35,Hyderabad,2023-10-13
25,Customer_25,41,Bangalore,2023-01-15
26,Customer_26,40,Chennai,2023-11-18
27,Customer_27,35,Mumbai,2023-09-16
28,Customer_28,58,Bangalore,2023-07-01
29,Customer_29,33,Bangalore,2023-04-19
30,Customer_30,42,Kolkata,2024-08-05
31,Customer_31,58,Chennai,2023-12-03
32,Customer_32,38,Delhi,2022-08-23
33,Customer_33,20,Jaipur,2023-02-15
34,Customer_34,35,Mumbai,2022-08-05
35,Customer_35,54,Jaipur,2022-08-06
36,Customer_36,59,Hyderabad,2023-02-10
37,Customer_37,59,Hyderabad,2022-05-27
38,Customer_38,34,Bangalore,2022-09-10
39,Customer_39,53,Kolkata,2024-02-04
40,Customer_40,55,Pune,2024-07-08
41,Customer_41,55,Pune,2023-01-06
42,Customer_42,32,Bangalore,2023-06-06
43,Customer_43,49,Mumbai,2024-02-13
44,Customer_44,21,Mumbai,2022-06-06
45,Customer_45,58,Bangalore,2024-03-22
46,Customer_46,45,Mumbai,2023-01-30
47,Customer_47,42,Hyderabad,2023-06-26
48,Customer_48,34,Delhi,2023-11-28
49,Customer_49,25,Kolkata,2024-02-27
50,Customer_50,59,Jaipur,2022-04-25
51,Customer_51,36,Pune,2022-06-11
52,Customer_52,47,Delhi,2024-09-03
53,Customer_53,34,Bangalore,2023-06-04
54,Customer_54,24,Kolkata,2024-05-11
55,Customer_55,58,Chennai,2022-06-06
56,Customer_56,41,Bangalore,2023-07-07
57,Customer_57,51,Delhi,2023-09-06
58,Customer_58,38,Hyderabad,2022-01-20
59,Customer_59,25,Jaipur,2024-06-18
60,Customer_60,37,Chennai,2022-03-01
61,Customer_61,33,Mumbai,2022-03-29
62,Customer_62,49,Mumbai,2024-02-18
63,Customer_63,52,Bangalore,2022-05-12
64,Customer_64,60,Hyderabad,2024-08-27
65,Customer_65,53,Bangalore,2022-09-29
66,Customer_66,51,Pune,2024-09-14
67,Customer_67,31,Chennai,2024-01-01
68,Customer_68,37,Pune,2023-11-19
69,Customer_69,59,Jaipur,2023-03-25
70,Customer_70,51,Hyderabad,2022-05-04
71,Customer_71,33,Chennai,2022-03-07
72,Customer_72,39,Delhi,2023-08-26
73,Customer_73,53,Chennai,2023-08-26
74,Customer_74,32,Delhi,2022-03-14
75,Customer_75,58,Delhi,2022-08-23
76,Customer_76,22,Delhi,2024-05-30
77,Customer_77,39,Mumbai,2023-06-11
78,Customer_78,33,Kolkata,2023-11-17
79,Customer_79,49,Chennai,2023-07-07
80,Customer_80,26,Hyderabad,2022-09-06
81,Customer_81,48,Pune,2022-07-14
82,Customer_82,24,Mumbai,2023-11-06
83,Customer_83,45,Jaipur,2023-03-10
84,Customer_84,44,Hyderabad,2024-06-03
85,Customer_85,21,Mumbai,2022-03-04
86,Customer_86,43,Jaipur,2024-03-30
87,Customer_87,24,Chennai,2022-07-16
88,Customer_88,30,Hyderabad,2022-05-24
89,Customer_89,45,Bangalore,2022-10-13
90,Customer_90,47,Chennai,2024-06-14
91,Customer_91,22,Hyderabad,2024-04-07
92,Customer_92,53,Mumbai,2022-02-21
93,Customer_93,59,Delhi,2024-09-19
94,Customer_94,23,Chennai,2022-06-20
95,Customer_95,44,Hyderabad,2023-05-08
96,Customer_96,31,Pune,2024-07-13
97,Customer_97,21,Bangalore,2023-01-24
98,Customer_98,18,Pune,2022-09-29
99,Customer_99,47,Kolkata,2023-03-10
100,Customer_100,53,Hyderabad,2022-06-08
101,Customer_101,30,Kolkata,2022-08-11
102,Customer_102,21,Delhi,2024-02-05
103,Customer_103,38,Delhi,2022-02-21
104,Customer_104,55,Hyderabad,2023-05-30
105,Customer_105,51,Bangalore,2022-02-28
106,Customer_106,50,Mumbai,2024-05-21
107,Customer_107,29,Mumbai,2023-09-02
108,Customer_108,22,Chennai,2023-02-18
109,Customer_109,25,Chennai,2023-08-16
110,Customer_110,56,Delhi,2023-09-27
111,Customer_111,23,Pune,2023-11-05
112,Customer_112,55,Jaipur,2024-08-15
113,Customer_113,34,Chennai,2023-11-17
114,Customer_114,38,Chennai,2022-09-29
115,Customer_115,43,Bangalore,2023-11-19
116,Customer_116,59,Kolkata,2023-04-14
117,Customer_117,38,Mumbai,2022-01-10
118,Customer_118,47,Mumbai,2022-03-17
119,Customer_119,52,Chennai,2023-06-03
120,Customer_120,34,Bangalore,2024-08-13
121,Customer_121,40,Mumbai,2024-06-19
122,Customer_122,33,Jaipur,2022-10-19
123,Customer_123,28,Hyderabad,2024-05-03
124,Customer_124,52,Kolkata,2023-09-19
125,Customer_125,59,Delhi,2023-11-15
126,Customer_126,53,Kolkata,2024-08-12
127,Customer_127,60,Mumbai,2024-08-19
128,Customer_128,26,Kolkata,2022-04-29
129,Customer_129,24,Bangalore,2022-10-06
130,Customer_130,36,Chennai,2024-01-05
131,Customer_131,39,Chennai,2023-12-05
132,Customer_132,58,Kolkata,2023-06-02
133,Customer_133,49,Kolkata,2024-07-16
134,Customer_134,21,Mumbai,2023-10-12
135,Customer_135,45,Kolkata,2022-02-15
136,Customer_136,18,Jaipur,2024-02-29
137,Customer_137,26,Kolkata,2022-06-15
138,Customer_138,46,Pune,2023-07-29
139,Customer_139,18,Mumbai,2022-03-19
140,Customer_140,27,Delhi,2024-05-04
141,Customer_141,41,Bangalore,2023-03-17
142,Customer_142,26,Delhi,2022-11-12
143,Customer_143,41,Delhi,2024-07-09
144,Customer_144,40,Chennai,2023-11-30
145,Customer_145,33,Mumbai,2022-12-29
146,Customer_146,53,Pune,2024-09-24
147,Customer_147,57,Bangalore,2024-08-05
148,Customer_148,33,Bangalore,2024-09-26
149,Customer_149,29,Pune,2022-01-26
150,Customer_150,29,Jaipur,2024-03-12
151,Customer_151,44,Chennai,2022-10-01
152,Customer_152,28,Mumbai,2023-01-27
153,Customer_153,20,Hyderabad,2022-08-16
154,Customer_154,30,Hyderabad,2022-12-25
155,Customer_155,37,Chennai,2022-08-17
156,Customer_156,19,Chennai,2023-02-13
157,Customer_157,39,Kolkata,2024-06-04
158,Customer_158,22,Kolkata,2022-12-26
159,Customer_159,59,Pune,2023-11-27
160,Customer_160,52,Jaipur,2024-08-19
161,Customer_161,19,Mumbai,2024-06-17
162,Customer_162,34,Bangalore,2023-08-18
163,Customer_163,34,Delhi,2022-04-22
164,Customer_164,56,Pune,2022-12-20
165,Customer_165,38,Pune,2023-09-13
166,Customer_166,50,Mumbai,2023-01-30
167,Customer_167,54,Chennai,2022-09-18
168,Customer_168,20,Pune,2022-01-02
169,Customer_169,51,Chennai,2023-01-08
170,Customer_170,45,Mumbai,2024-08-29
171,Customer_171,60,Jaipur,2023-10-01
172,Customer_172,38,Mumbai,2024-01-08
173,Customer_173,37,Kolkata,2023-11-14
174,Customer_174,44,Jaipur,2023-02-17
175,Customer_175,36,Bangalore,2022-07-16
176,Customer_176,44,Pune,2023-11-25
177,Customer_177,29,Kolkata,2023-02-20
178,Customer_178,53,Delhi,2022-11-08
179,Customer_179,36,Chennai,2023-03-17
180,Customer_180,55,Jaipur,2023-04-22
181,Customer_181,46,Hyderabad,2023-11-23
182,Customer_182,31,Hyderabad,2024-03-23
183,Customer_183,28,Mumbai,2022-10-18
184,Customer_184,50,Jaipur,2022-04-06
185,Customer_185,33,Kolkata,2022-08-19
186,Customer_186,30,Bangalore,2022-01-26
187,Customer_187,20,Chennai,2023-05-02
188,Customer_188,57,Mumbai,2023-04-12
189,Customer_189,44,Chennai,2024-01-06
190,Customer_190,42,Hyderabad,2023-02-14
191,Customer_191,33,Bangalore,2023-11-03
192,Customer_192,18,Mumbai,2024-03-08
193,Customer_193,45,Chennai,2022-06-30
194,Customer_194,51,Hyderabad,2022-02-21
195,Customer_195,53,Chennai,2024-07-28
196,Customer_196,25,Hyderabad,2022-05-17
197,Customer_197,47,Jaipur,2024-08-30
198,Customer_198,46,Pune,2024-04-30
199,Customer_199,53,Hyderabad,2024-07-07
200,Customer_200,28,Hyderabad,2023-04-06
201,Customer_201,34,Chennai,2024-05-10
202,Customer_202,58,Kolkata,2024-02-24
203,Customer_203,51,Hyderabad,2023-10-04
204,Customer_204,33,Kolkata,2023-03-27
205,Customer_205,22,Kolkata,2022-08-29
206,Customer_206,35,Jaipur,2022-11-24
207,Customer_207,52,Mumbai,2022-05-22
208,Customer_208,27,Chennai,2023-01-28
209,Customer_209,27,Chennai,2022-03-07
210,Customer_210,44,Pune,2022-12-05
211,Customer_211,52,Hyderabad,2023-03-02
212,Customer_212,21,Chennai,2024-05-02
213,Customer_213,44,Pune,2024-07-15
214,Customer_214,55,Delhi,2024-05-27
215,Customer_215,54,Pune,2023-05-04
216,Customer_216,18,Jaipur,2022-11-02
217,Customer_217,42,Pune,2023-07-06
218,Customer_218,52,Chennai,2023-05-15
219,Customer_219,32,Kolkata,2023-03-23
220,Customer_220,49,Delhi,2023-02-03
221,Customer_221,39,Pune,2024-01-12
222,Customer_222,28,Hyderabad,2024-07-30
223,Customer_223,26,Delhi,2024-07-17
224,Customer_224,43,Delhi,2022-03-27
225,Customer_225,59,Pune,2022-05-19
226,Customer_226,47,Bangalore,2022-02-21
227,Customer_227,34,Pune,2022-12-02
228,Customer_228,31,Hyderabad,2022-12-01
229,Customer_229,39,Pune,2022-10-12
230,Customer_230,44,Kolkata,2024-05-04
231,Customer_231,23,Hyderabad,2022-01-20
232,Customer_232,52,Delhi,2024-09-01
233,Customer_233,40,Chennai,2023-10-28
234,Customer_234,22,Delhi,2024-02-12
235,Customer_235,19,Chennai,2022-07-24
236,Customer_236,19,Bangalore,2022-09-02
237,Customer_237,26,Hyderabad,2023-11-17
238,Customer_238,25,Chennai,2023-04-22
239,Customer_239,34,Jaipur,2022-06-21
240,Customer_240,56,Mumbai,2024-03-07
241,Customer_241,28,Kolkata,2022-04-21
242,Customer_242,55,Delhi,2024-08-09
243,Customer_243,37,Pune,2023-02-11
244,Customer_244,30,Mumbai,2023-08-30
245,Customer_245,58,Chennai,2022-04-15
246,Customer_246,37,Mumbai,2024-03-26
247,Customer_247,54,Delhi,2022-12-22
248,Customer_248,52,Pune,2023-11-09
249,Customer_249,41,Mumbai,2023-06-03
250,Customer_250,59,Jaipur,2022-01-13
251,Customer_251,44,Hyderabad,2022-04-19
252,Customer_252,45,Jaipur,2023-10-13
253,Customer_253,47,Bangalore,2023-03-22
254,Customer_254,29,Kolkata,2023-09-23
255,Customer_255,52,Hyderabad,2023-04-22
256,Customer_256,45,Kolkata,2022-11-27
257,Customer_257,33,Mumbai,2022-10-13
258,Customer_258,46,Chennai,2024-02-08
259,Customer_259,47,Pune,2022-12-11
260,Customer_260,19,Hyderabad,2024-05-21
261,Customer_261,38,Bangalore,2023-05-15
262,Customer_262,31,Jaipur,2024-03-27
263,Customer_263,34,Jaipur,2022-10-14
264,Customer_264,56,Kolkata,2023-07-24
265,Customer_265,18,Chennai,2022-03-29
266,Customer_266,33,Pune,2023-05-16
267,Customer_267,53,Chennai,2023-12-09
268,Customer_268,48,Hyderabad,2023-04-04
269,Customer_269,19,Mumbai,2022-10-29
270,Customer_270,32,Pune,2023-12-10
271,Customer_271,33,Kolkata,2023-11-11
272,Customer_272,55,Jaipur,2023-04-30
273,Customer_273,53,Jaipur,2023-03-12
274,Customer_274,53,Jaipur,2022-12-27
275,Customer_275,47,Kolkata,2022-11-10
276,Customer_276,34,Chennai,2022-05-04
277,Customer_277,30,Jaipur,2022-05-03
278,Customer_278,52,Bangalore,2022-07-16
279,Customer_279,31,Hyderabad,2022-10-11
280,Customer_280,55,Kolkata,2022-04-13
281,Customer_281,30,Kolkata,2022-08-21
282,Customer_282,41,Bangalore,2022-11-06
283,Customer_283,18,Bangalore,2022-10-08
284,Customer_284,20,Delhi,2023-07-21
285,Customer_285,36,Bangalore,2023-10-16
286,Customer_286,49,Mumbai,2024-06-12
287,Customer_287,18,Kolkata,2023-04-26
288,Customer_288,48,Hyderabad,2022-12-15
289,Customer_289,29,Delhi,2022-09-16
290,Customer_290,48,Mumbai,2024-04-21
291,Customer_291,22,Pune,2023-05-19
292,Customer_292,22,Delhi,2022-06-05
293,Customer_293,27,Kolkata,2022-03-29
294,Customer_294,33,Mumbai,2023-07-26
295,Customer_295,44,Chennai,2024-03-05
296,Customer_296,51,Pune,2023-04-07
297,Customer_297,46,Kolkata,2024-05-30
298,Customer_298,55,Pune,2022-11-09
299,Customer_299,54,Delhi,2023-09-17
300,Customer_300,24,Chennai,2023-10-03
301,Customer_301,31,Kolkata,2023-11-08
302,Customer_302,23,Bangalore,2022-09-03
303,Customer_303,29,Mumbai,2022-06-10
304,Customer_304,18,Pune,2023-04-07
305,Customer_305,56,Hyderabad,2022-10-26
306,Customer_306,20,Chennai,2022-10-23
307,Customer_307,36,Hyderabad,2022-03-14
308,Customer_308,32,Kolkata,2024-03-17
309,Customer_309,58,Chennai,2023-03-12
310,Customer_310,25,Chennai,2023-10-26
311,Customer_311,27,Kolkata,2024-04-26
312,Customer_312,27,Mumbai,2022-03-03
313,Customer_313,28,Kolkata,2023-09-02
314,Customer_314,54,Kolkata,2023-03-26
315,Customer_315,25,Hyderabad,2023-12-07
316,Customer_316,37,Pune,2024-08-23
317,Customer_317,35,Hyderabad,2023-03-25
318,Customer_318,23,Delhi,2024-06-29
319,Customer_319,45,Jaipur,2023-09-11
320,Customer_320,34,Delhi,2022-04-04
321,Customer_321,32,Delhi,2024-02-23
322,Customer_322,35,Delhi,2024-02-21
323,Customer_323,29,Hyderabad,2023-06-16
324,Customer_324,59,Hyderabad,2024-07-27
325,Customer_325,35,Bangalore,2023-08-23
326,Customer_326,45,Hyderabad,2024-09-19
327,Customer_327,23,Hyderabad,2022-12-23
328,Customer_328,44,Jaipur,2022-11-25
329,Customer_329,60,Mumbai,2024-05-28
330,Customer_330,28,Jaipur,2023-02-26
331,Customer_331,49,Kolkata,2023-11-10
332,Customer_332,43,Delhi,2023-04-11
333,Customer_333,23,Jaipur,2022-09-16
334,Customer_334,38,Mumbai,2024-09-20
335,Customer_335,43,Delhi,2023-11-05
336,Customer_336,52,Hyderabad,2023-02-28
337,Customer_337,21,Chennai,2023-06-15
338,Customer_338,41,Hyderabad,2023-10-03
339,Customer_339,46,Delhi,2022-07-28
340,Customer_340,35,Bangalore,2024-08-07
341,Customer_341,36,Hyderabad,2024-06-20
342,Customer_342,49,Mumbai,2022-01-30
343,Customer_343,58,Chennai,2023-12-28
344,Customer_344,28,Kolkata,2023-07-19
345,Customer_345,18,Pune,2022-04-06
346,Customer_346,32,Mumbai,2023-04-18
347,Customer_347,25,Bangalore,2023-05-26
348,Customer_348,36,Kolkata,2023-03-02
349,Customer_349,48,Hyderabad,2022-09-07
350,Customer_350,47,Bangalore,2023-01-28
351,Customer_351,30,Bangalore,2024-06-03
352,Customer_352,22,Kolkata,2024-03-02
353,Customer_353,44,Jaipur,2024-08-14
354,Customer_354,50,Kolkata,2024-04-20
355,Customer_355,18,Kolkata,2024-01-14
356,Customer_356,37,Hyderabad,2024-06-05
357,Customer_357,27,Hyderabad,2023-07-06
358,Customer_358,48,Jaipur,2022-12-07
359,Customer_359,53,Pune,2023-04-12
360,Customer_360,38,Chennai,2023-12-16
361,Customer_361,33,Pune,2022-08-28
362,Customer_362,44,Delhi,2022-11-22
363,Customer_363,48,Pune,2023-01-31
364,Customer_364,60,Bangalore,2023-05-23
365,Customer_365,20,Bangalore,2023-05-30
366,Customer_366,55,Jaipur,2024-06-09
367,Customer_367,24,Hyderabad,2022-04-13
368,Customer_368,51,Hyderabad,2022-01-16
369,Customer_369,27,Pune,2024-06-10
370,Customer_370,59,Bangalore,2022-03-18
371,Customer_371,48,Kolkata,2022-12-13
372,Customer_372,57,Pune,2023-10-28
373,Customer_373,23,Jaipur,2024-05-22
374,Customer_374,52,Pune,2024-09-04
375,Customer_375,38,Hyderabad,2024-06-12
376,Customer_376,52,Delhi,2023-09-25
377,Customer_377,22,Chennai,2023-10-09
378,Customer_378,36,Chennai,2024-02-04
379,Customer_379,23,Pune,2022-04-11
380,Customer_380,58,Mumbai,2023-03-31
381,Customer_381,28,Kolkata,2024-07-14
382,Customer_382,19,Delhi,2022-11-29
383,Customer_383,21,Kolkata,2023-01-03
384,Customer_384,41,Pune,2022-05-30
385,Customer_385,33,Pune,2023-08-03
386,Customer_386,29,Bangalore,2022-06-29
387,Customer_387,23,Pune,2023-09-27
388,Customer_388,33,Hyderabad,2024-07-23
389,Customer_389,55,Bangalore,2022-08-26
390,Customer_390,47,Kolkata,2023-04-16
391,Customer_391,34,Delhi,2024-07-09
392,Customer_392,47,Kolkata,2023-11-25
393,Customer_393,52,Bangalore,2022-03-17
394,Customer_394,46,Jaipur,2023-08-25
395,Customer_395,37,Pune,2023-12-08
396,Customer_396,34,Hyderabad,2024-05-15
397,Customer_397,37,Chennai,2023-01-29
398,Customer_398,48,Mumbai,2022-08-31
399,Customer_399,42,Jaipur,2023-08-12
400,Customer_400,36,Kolkata,2022-01-23
401,Customer_401,60,Pune,2022-10-09
402,Customer_402,18,Delhi,2024-07-21
403,Customer_403,56,Hyderabad,2024-05-02
404,Customer_404,36,Chennai,2023-09-14
405,Customer_405,40,Chennai,2023-10-14
406,Customer_406,30,Kolkata,2023-11-26
407,Customer_407,60,Bangalore,2023-10-06
408,Customer_408,24,Delhi,2022-11-13
409,Customer_409,46,Delhi,2023-08-17
410,Customer_410,41,Bangalore,2022-04-03
411,Customer_411,36,Jaipur,2024-02-05
412,Customer_412,44,Bangalore,2022-07-25
413,Customer_413,26,Jaipur,2023-06-28
414,Customer_414,50,Kolkata,2024-04-30
415,Customer_415,28,Kolkata,2024-07-24
416,Customer_416,48,Kolkata,2024-02-04
417,Customer_417,39,Mumbai,2023-04-25
418,Customer_418,22,Bangalore,2024-02-12
419,Customer_419,32,Pune,2024-09-17
420,Customer_420,53,Jaipur,2022-04-03
421,Customer_421,43,Delhi,2022-09-28
422,Customer_422,52,Mumbai,2023-04-11
423,Customer_423,41,Kolkata,2023-08-22
424,Customer_424,42,Jaipur,2022-04-21
425,Customer_425,32,Hyderabad,2022-01-26
426,Customer_426,57,Jaipur,2024-07-26
427,Customer_427,57,Chennai,2023-10-26
428,Customer_428,22,Hyderabad,2024-07-20
429,Customer_429,37,Pune,2022-04-30
430,Customer_430,26,Delhi,2024-08-26
431,Customer_431,20,Kolkata,2023-05-20
432,Customer_432,25,Mumbai,2022-08-29
433,Customer_433,52,Bangalore,2023-02-02
434,Customer_434,47,Jaipur,2023-11-18
435,Customer_435,52,Pune,2023-08-25
436,Customer_436,27,Pune,2023-11-02
437,Customer_437,24,Hyderabad,2023-09-23
438,Customer_438,44,Kolkata,2022-02-03
439,Customer_439,41,Chennai,2023-03-31
440,Customer_440,46,Chennai,2024-05-25
441,Customer_441,41,Mumbai,2023-12-04
442,Customer_442,41,Jaipur,2022-03-04
443,Customer_443,43,Kolkata,2022-07-14
444,Customer_444,25,Hyderabad,2022-04-04
445,Customer_445,60,Chennai,2023-10-20
446,Customer_446,58,Delhi,2022-02-21
447,Customer_447,39,Chennai,2022-05-09
448,Customer_448,54,Chennai,2022-03-12
449,Customer_449,53,Chennai,2023-08-24
450,Customer_450,31,Chennai,2022-12-03
451,Customer_451,27,Delhi,2022-10-11
452,Customer_452,27,Bangalore,2023-07-08
453,Customer_453,34,Bangalore,2022-04-23
454,Customer_454,60,Delhi,2022-05-15
455,Customer_455,18,Jaipur,2024-03-19
456,Customer_456,33,Jaipur,2022-01-17
457,Customer_457,29,Kolkata,2022-02-23
458,Customer_458,26,Pune,2023-06-23
459,Customer_459,25,Mumbai,2023-05-03
460,Customer_460,46,Jaipur,2023-06-10
461,Customer_461,55,Mumbai,2023-04-08
462,Customer_462,50,Chennai,2024-08-26
463,Customer_463,57,Delhi,2024-01-15
464,Customer_464,60,Kolkata,2023-04-15
465,Customer_465,59,Delhi,2022-03-04
466,Customer_466,48,Pune,2023-03-13
467,Customer_467,24,Hyderabad,2023-12-31
468,Customer_468,46,Mumbai,2024-07-09
469,Customer_469,23,Jaipur,2023-09-15
470,Customer_470,27,Mumbai,2022-05-10
471,Customer_471,35,Jaipur,2023-01-26
472,Customer_472,56,Kolkata,2023-04-10
473,Customer_473,50,Pune,2022-04-12
474,Customer_474,25,Chennai,2023-03-17
475,Customer_475,46,Chennai,2023-02-28
476,Customer_476,39,Hyderabad,2023-02-13
477,Customer_477,44,Mumbai,2022-11-17
478,Customer_478,45,Jaipur,2023-11-13
479,Customer_479,34,Jaipur,2024-09-03
480,Customer_480,27,Hyderabad,2022-03-10
481,Customer_481,23,Mumbai,2022-04-06
482,Customer_482,45,Mumbai,2024-02-02
483,Customer_483,41,Bangalore,2023-07-24
484,Customer_484,21,Jaipur,2023-11-18
485,Customer_485,25,Pune,2022-12-29
486,Customer_486,60,Pune,2024-06-07
487,Customer_487,21,Kolkata,2023-09-07
488,Customer_488,37,Jaipur,2022-04-17
489,Customer_489,54,Chennai,2022-06-08
490,Customer_490,60,Hyderabad,2022-08-18
491,Customer_491,24,Jaipur,2024-05-15
492,Customer_492,53,Jaipur,2022-04-28
493,Customer_493,35,Chennai,2024-04-06
494,Customer_494,45,Delhi,2023-09-16
495,Customer_495,60,Kolkata,2022-01-30
496,Customer_496,29,Kolkata,2023-12-21
497,Customer_497,37,Jaipur,2022-12-26
498,Customer_498,18,Bangalore,2024-06-09
499,Customer_499,27,Pune,2022-03-13
500,Customer_500,27,Delhi,2022-04-04
501,Customer_501,51,Chennai,2023-01-21
502,Customer_502,44,Hyderabad,2022-12-16
503,Customer_503,28,Jaipur,2022-11-16
504,Customer_504,38,Mumbai,2024-06-23
505,Customer_505,21,Bangalore,2022-06-11
506,Customer_506,57,Delhi,2023-11-22
507,Customer_507,23,Kolkata,2023-03-30
508,Customer_508,60,Pune,2023-05-13
509,Customer_509,56,Hyderabad,2023-03-01
510,Customer_510,35,Chennai,2024-02-13
511,Customer_511,50,Mumbai,2022-12-20
512,Customer_512,45,Mumbai,2022-10-18
513,Customer_513,55,Hyderabad,2023-06-24
514,Customer_514,60,Kolkata,2022-02-16
515,Customer_515,32,Pune,2023-09-06
516,Customer_516,21,Delhi,2022-07-29
517,Customer_517,37,Chennai,2024-02-25
518,Customer_518,26,Kolkata,2022-10-24
519,Customer_519,38,Mumbai,2022-01-08
520,Customer_520,49,Pune,2022-06-29
521,Customer_521,26,Pune,2023-06-30
522,Customer_522,32,Jaipur,2022-03-15
523,Customer_523,43,Delhi,2023-03-23
524,Customer_524,19,Hyderabad,2024-08-01
525,Customer_525,22,Jaipur,2023-08-13
526,Customer_526,45,Pune,2023-12-28
527,Customer_527,58,Pune,2022-10-24
528,Customer_528,25,Pune,2022-01-22
529,Customer_529,38,Bangalore,2024-03-31
530,Customer_530,57,Hyderabad,2024-05-01
531,Customer_531,41,Mumbai,2023-03-24
532,Customer_532,24,Chennai,2023-03-23
533,Customer_533,55,Pune,2023-06-21
534,Customer_534,23,Pune,2024-06-10
535,Customer_535,37,Jaipur,2022-08-15
536,Customer_536,39,Bangalore,2022-03-20
537,Customer_537,50,Mumbai,2023-06-28
538,Customer_538,50,Chennai,2024-07-16
539,Customer_539,40,Jaipur,2024-01-15
540,Customer_540,59,Bangalore,2022-08-30
541,Customer_541,24,Bangalore,2022-09-20
542,Customer_542,30,Bangalore,2023-09-09
543,Customer_543,27,Mumbai,2022-07-01
544,Customer_544,58,Hyderabad,2023-04-21
545,Customer_545,54,Hyderabad,2023-11-29
546,Customer_546,54,Jaipur,2024-06-03
547,Customer_547,58,Jaipur,2022-06-04
548,Customer_548,46,Mumbai,2023-04-26
549,Customer_549,46,Kolkata,2024-03-26
550,Customer_550,35,Delhi,2022-12-27
551,Customer_551,50,Mumbai,2022-11-14
552,Customer_552,47,Hyderabad,2022-02-08
553,Customer_553,21,Jaipur,2024-05-01
554,Customer_554,36,Mumbai,2023-10-23
555,Customer_555,23,Pune,2023-04-19
556,Customer_556,55,Delhi,2023-04-06
557,Customer_557,54,Chennai,2022-11-26
558,Customer_558,56,Hyderabad,2023-05-29
559,Customer_559,27,Delhi,2023-04-07
560,Customer_560,24,Jaipur,2024-01-02
561,Customer_561,23,Bangalore,2022-02-10
562,Customer_562,33,Hyderabad,2023-03-26
563,Customer_563,51,Bangalore,2023-01-08
564,Customer_564,41,Kolkata,2023-02-01
565,Customer_565,44,Jaipur,2023-11-27
566,Customer_566,56,Delhi,2024-03-19
567,Customer_567,58,Jaipur,2022-03-09
568,Customer_568,39,Mumbai,2023-07-26
569,Customer_569,42,Kolkata,2022-09-16
570,Customer_570,60,Bangalore,2022-12-08
571,Customer_571,23,Bangalore,2024-07-27
572,Customer_572,40,Kolkata,2024-09-17
573,Customer_573,59,Pune,2022-05-13
574,Customer_574,56,Mumbai,2022-11-14
575,Customer_575,53,Pune,2023-10-21
576,Customer_576,39,Bangalore,2023-11-18
577,Customer_577,51,Mumbai,2023-10-24
578,Customer_578,60,Pune,2023-06-05
579,Customer_579,41,Delhi,2023-01-07
580,Customer_580,37,Bangalore,2024-08-31
581,Customer_581,31,Jaipur,2024-08-28
582,Customer_582,49,Chennai,2022-08-20
583,Customer_583,26,Bangalore,2022-03-21
584,Customer_584,36,Mumbai,2023-06-04
585,Customer_585,52,Delhi,2023-11-09
586,Customer_586,39,Bangalore,2023-09-04
587,Customer_587,42,Bangalore,2022-06-16
588,Customer_588,29,Bangalore,2024-01-09
589,Customer_589,46,Delhi,2023-02-25
590,Customer_590,41,Chennai,2024-09-19
591,Customer_591,46,Kolkata,2024-02-10
592,Customer_592,46,Chennai,2023-07-01
593,Customer_593,33,Kolkata,2024-09-15
594,Customer_594,48,Chennai,2023-01-12
595,Customer_595,54,Hyderabad,2023-04-18
596,Customer_596,36,Pune,2023-05-30
597,Customer_597,51,Pune,2024-09-16
598,Customer_598,28,Chennai,2024-03-31
599,Customer_599,56,Bangalore,2024-06-12
600,Customer_600,34,Delhi,2023-10-19
601,Customer_601,48,Jaipur,2023-07-22
602,Customer_602,24,Mumbai,2022-10-19
603,Customer_603,23,Bangalore,2022-10-07
604,Customer_604,46,Bangalore,2024-04-30
605,Customer_605,45,Mumbai,2024-08-27
606,Customer_606,32,Hyderabad,2024-06-24
607,Customer_607,40,Delhi,2023-03-01
608,Customer_608,21,Pune,2023-05-30
609,Customer_609,41,Chennai,2023-01-31
610,Customer_610,23,Jaipur,2022-08-18
611,Customer_611,19,Jaipur,2024-08-11
612,Customer_612,24,Jaipur,2024-03-21
613,Customer_613,27,Bangalore,2022-02-09
614,Customer_614,36,Hyderabad,2023-12-14
615,Customer_615,26,Hyderabad,2023-04-05
616,Customer_616,57,Delhi,2024-07-16
617,Customer_617,23,Delhi,2022-09-20
618,Customer_618,31,Bangalore,2023-07-16
619,Customer_619,56,Pune,2022-04-24
620,Customer_620,36,Chennai,2022-11-05
621,Customer_621,25,Delhi,2022-09-02
622,Customer_622,44,Hyderabad,2022-03-06
623,Customer_623,25,Hyderabad,2023-09-04
624,Customer_624,52,Delhi,2023-10-10
625,Customer_625,50,Chennai,2024-01-06
626,Customer_626,27,Kolkata,2023-03-16
627,Customer_627,18,Jaipur,2022-09-04
628,Customer_628,54,Pune,2022-07-11
629,Customer_629,60,Mumbai,2023-06-21
630,Customer_630,41,Mumbai,2024-09-03
631,Customer_631,51,Delhi,2023-02-04
632,Customer_632,48,Delhi,2023-10-13
633,Customer_633,42,Jaipur,2022-09-17
634,Customer_634,19,Jaipur,2024-03-18
635,Customer_635,22,Jaipur,2022-09-04
636,Customer_636,60,Mumbai,2024-03-01
637,Customer_637,55,Jaipur,2022-05-17
638,Customer_638,20,Jaipur,2023-07-14
639,Customer_639,39,Bangalore,2024-04-30
640,Customer_640,47,Hyderabad,2023-10-09
641,Customer_641,29,Bangalore,2022-03-06
642,Customer_642,47,Delhi,2022-10-28
643,Customer_643,30,Delhi,2024-03-21
644,Customer_644,30,Delhi,2022-11-20
645,Customer_645,37,Pune,2024-04-14
646,Customer_646,52,Hyderabad,2022-09-17
647,Customer_647,20,Chennai,2022-10-20
648,Customer_648,40,Delhi,2024-06-05
649,Customer_649,59,Jaipur,2022-10-07
650,Customer_650,25,Jaipur,2023-03-24
651,Customer_651,43,Hyderabad,2024-07-05
652,Customer_652,42,Jaipur,2024-09-24
653,Customer_653,29,Hyderabad,2023-12-10
654,Customer_654,49,Jaipur,2024-08-04
655,Customer_655,51,Kolkata,2024-03-31
656,Customer_656,23,Pune,2022-03-22
657,Customer_657,45,Bangalore,2023-07-13
658,Customer_658,36,Jaipur,2022-04-16
659,Customer_659,23,Jaipur,2023-11-08
660,Customer_660,36,Kolkata,2023-04-02
661,Customer_661,56,Pune,2022-06-20
662,Customer_662,46,Jaipur,2023-04-03
663,Customer_663,20,Jaipur,2023-09-22
664,Customer_664,45,Kolkata,2023-10-17
665,Customer_665,21,Mumbai,2023-11-19
666,Customer_666,58,Pune,2023-01-08
667,Customer_667,50,Bangalore,2024-09-02
668,Customer_668,19,Bangalore,2024-05-19
669,Customer_669,56,Hyderabad,2022-02-05
670,Customer_670,26,Mumbai,2022-08-30
671,Customer_671,59,Jaipur,2023-01-06
672,Customer_672,42,Delhi,2023-09-12
673,Customer_673,27,Hyderabad,2024-08-29
674,Customer_674,41,Jaipur,2023-03-31
675,Customer_675,22,Bangalore,2023-06-27
676,Customer_676,41,Pune,2022-11-18
677,Customer_677,59,Kolkata,2022-09-13
678,Customer_678,25,Delhi,2024-01-24
679,Customer_679,29,Hyderabad,2023-06-15
680,Customer_680,42,Mumbai,2022-09-26
681,Customer_681,34,Hyderabad,2022-08-08
682,Customer_682,57,Kolkata,2023-12-12
683,Customer_683,49,Chennai,2022-05-06
684,Customer_684,26,Mumbai,2023-04-08
685,Customer_685,29,Hyderabad,2022-03-31
686,Customer_686,38,Jaipur,2023-12-28
687,Customer_687,22,Kolkata,2024-07-01
688,Customer_688,37,Bangalore,2023-12-30
689,Customer_689,58,Bangalore,2024-03-23
690,Customer_690,41,Chennai,2022-05-05
691,Customer_691,30,Bangalore,2022-08-31
692,Customer_692,49,Delhi,2023-01-05
693,Customer_693,53,Jaipur,2023-04-24
694,Customer_694,53,Bangalore,2023-09-19
695,Customer_695,23,Mumbai,2022-11-13
696,Customer_696,43,Hyderabad,2023-06-23
697,Customer_697,44,Pune,2024-04-23
698,Customer_698,54,Mumbai,2022-05-09
699,Customer_699,38,Mumbai,2023-04-06
700,Customer_700,47,Jaipur,2022-05-12
701,Customer_701,53,Bangalore,2024-02-26
702,Customer_702,26,Pune,2023-05-30
703,Customer_703,21,Mumbai,2023-06-15
704,Customer_704,27,Kolkata,2022-06-18
705,Customer_705,28,Jaipur,2024-08-15
706,Customer_706,32,Jaipur,2024-08-28
707,Customer_707,51,Kolkata,2024-05-16
708,Customer_708,23,Kolkata,2022-07-21
709,Customer_709,58,Kolkata,2022-05-09
710,Customer_710,58,Kolkata,2023-09-22
711,Customer_711,52,Mumbai,2023-05-30
712,Customer_712,59,Bangalore,2023-08-30
713,Customer_713,55,Bangalore,2022-06-25
714,Customer_714,60,Jaipur,2024-05-12
715,Customer_715,54,Delhi,2024-04-25
716,Customer_716,19,Mumbai,2022-02-16
717,Customer_717,59,Kolkata,2023-10-29
718,Customer_718,31,Pune,2023-09-25
719,Customer_719,58,Delhi,2023-05-25
720,Customer_720,58,Kolkata,2023-10-20
721,Customer_721,37,Hyderabad,2022-09-08
722,Customer_722,43,Kolkata,2023-04-10
723,Customer_723,22,Delhi,2022-06-11
724,Customer_724,46,Pune,2023-05-11
725,Customer_725,47,Chennai,2022-12-15
726,Customer_726,56,Bangalore,2022-11-17
727,Customer_727,38,Jaipur,2024-09-25
728,Customer_728,43,Bangalore,2024-02-18
729,Customer_729,41,Mumbai,2022-11-23
730,Customer_730,33,Hyderabad,2022-05-06
731,Customer_731,35,Hyderabad,2022-09-11
732,Customer_732,27,Mumbai,2022-02-21
733,Customer_733,36,Pune,2024-06-03
734,Customer_734,57,Pune,2022-09-12
735,Customer_735,28,Jaipur,2024-08-14
736,Customer_736,54,Jaipur,2022-07-14
737,Customer_737,28,Hyderabad,2023-06-12
738,Customer_738,47,Hyderabad,2024-06-19
739,Customer_739,37,Hyderabad,2022-01-24
740,Customer_740,23,Pune,2023-06-02
741,Customer_741,47,Chennai,2022-08-09
742,Customer_742,55,Jaipur,2022-02-19
743,Customer_743,21,Kolkata,2023-05-22
744,Customer_744,56,Hyderabad,2022-10-20
745,Customer_745,52,Delhi,2024-05-17
746,Customer_746,24,Pune,2022-05-18
747,Customer_747,34,Jaipur,2024-02-22
748,Customer_748,43,Jaipur,2022-02-16
749,Customer_749,43,Delhi,2023-08-07
750,Customer_750,53,Chennai,2023-01-07
751,Customer_751,53,Kolkata,2022-03-17
752,Customer_752,42,Hyderabad,2024-02-22
753,Customer_753,53,Kolkata,2024-04-25
754,Customer_754,57,Mumbai,2022-05-12
755,Customer_755,24,Pune,2023-01-18
756,Customer_756,39,Jaipur,2024-02-13
757,Customer_757,27,Chennai,2023-09-09
758,Customer_758,50,Pune,2023-05-28
759,Customer_759,20,Delhi,2022-02-09
760,Customer_760,26,Jaipur,2024-04-03
761,Customer_761,48,Hyderabad,2022-06-02
762,Customer_762,56,Bangalore,2022-12-02
763,Customer_763,57,Jaipur,2022-06-16
764,Customer_764,43,Kolkata,2023-08-31
765,Customer_765,39,Hyderabad,2023-12-27
766,Customer_766,54,Kolkata,2023-05-02
767,Customer_767,19,Jaipur,2022-12-06
768,Customer_768,25,Pune,2023-08-21
769,Customer_769,37,Delhi,2023-09-04
770,Customer_770,48,Kolkata,2024-09-17
771,Customer_771,59,Chennai,2024-01-09
772,Customer_772,21,Hyderabad,2022-06-24
773,Customer_773,51,Pune,2022-06-01
774,Customer_774,33,Delhi,2023-08-10
775,Customer_775,25,Chennai,2022-01-20
776,Customer_776,46,Jaipur,2023-03-05
777,Customer_777,27,Pune,2023-12-09
778,Customer_778,31,Pune,2023-05-29
779,Customer_779,57,Hyderabad,2024-06-12
780,Customer_780,21,Bangalore,2023-06-16
781,Customer_781,31,Jaipur,2023-11-10
782,Customer_782,48,Pune,2022-11-18
783,Customer_783,29,Hyderabad,2024-07-23
784,Customer_784,52,Jaipur,2023-07-14
785,Customer_785,40,Kolkata,2023-09-17
786,Customer_786,48,Chennai,2024-09-07
787,Customer_787,33,Kolkata,2023-07-26
788,Customer_788,37,Chennai,2024-08-22
789,Customer_789,37,Kolkata,2023-12-23
790,Customer_790,31,Hyderabad,2022-11-21
791,Customer_791,48,Jaipur,2023-07-28
792,Customer_792,35,Kolkata,2022-05-05
793,Customer_793,54,Pune,2024-07-06
794,Customer_794,43,Jaipur,2024-09-04
795,Customer_795,27,Kolkata,2022-02-13
796,Customer_796,36,Mumbai,2022-12-21
797,Customer_797,46,Kolkata,2024-02-05
798,Customer_798,48,Chennai,2022-07-26
799,Customer_799,52,Kolkata,2024-08-13
800,Customer_800,53,Kolkata,2022-05-21
801,Customer_801,24,Chennai,2022-09-06
802,Customer_802,21,Chennai,2023-10-16
803,Customer_803,32,Delhi,2022-04-13
804,Customer_804,44,Jaipur,2024-01-05
805,Customer_805,48,Mumbai,2023-11-29
806,Customer_806,26,Delhi,2024-09-14
807,Customer_807,53,Bangalore,2023-02-21
808,Customer_808,59,Hyderabad,2023-05-04
809,Customer_809,59,Chennai,2024-02-14
810,Customer_810,36,Jaipur,2022-10-20
811,Customer_811,59,Delhi,2024-07-18
812,Customer_812,23,Chennai,2023-07-02
813,Customer_813,20,Bangalore,2023-03-04
814,Customer_814,29,Delhi,2024-05-06
815,Customer_815,43,Hyderabad,2022-07-10
816,Customer_816,36,Delhi,2022-01-10
817,Customer_817,37,Mumbai,2024-08-08
818,Customer_818,39,Kolkata,2023-04-11
819,Customer_819,59,Hyderabad,2024-06-29
820,Customer_820,26,Hyderabad,2022-10-07
821,Customer_821,30,Mumbai,2022-12-05
822,Customer_822,28,Hyderabad,2023-10-26
823,Customer_823,34,Bangalore,2022-01-15
824,Customer_824,39,Kolkata,2023-08-05
825,Customer_825,30,Bangalore,2023-09-18
826,Customer_826,58,Pune,2024-04-26
827,Customer_827,45,Jaipur,2022-03-30
828,Customer_828,43,Mumbai,2022-07-09
829,Customer_829,26,Hyderabad,2022-11-28
830,Customer_830,33,Delhi,2022-09-25
831,Customer_831,42,Chennai,2023-04-03
832,Customer_832,35,Jaipur,2022-11-06
833,Customer_833,55,Delhi,2022-09-25
834,Customer_834,59,Jaipur,2023-12-11
835,Customer_835,33,Delhi,2023-11-15
836,Customer_836,25,Hyderabad,2022-11-11
837,Customer_837,28,Pune,2023-12-04
838,Customer_838,50,Kolkata,2023-12-08
839,Customer_839,25,Kolkata,2023-01-12
840,Customer_840,57,Chennai,2022-08-13
841,Customer_841,26,Hyderabad,2022-06-06
842,Customer_842,47,Jaipur,2023-03-02
843,Customer_843,53,Hyderabad,2024-02-15
844,Customer_844,52,Chennai,2024-02-20
845,Customer_845,33,Mumbai,2023-06-23
846,Customer_846,46,Jaipur,2022-03-21
847,Customer_847,54,Mumbai,2022-03-05
848,Customer_848,53,Chennai,2023-08-10
849,Customer_849,52,Bangalore,2022-06-18
850,Customer_850,38,Hyderabad,2022-04-30
851,Customer_851,31,Hyderabad,2022-04-04
852,Customer_852,50,Hyderabad,2024-04-08
853,Customer_853,21,Hyderabad,2022-05-16
854,Customer_854,50,Pune,2023-04-13
855,Customer_855,54,Delhi,2023-07-27
856,Customer_856,47,Kolkata,2024-01-11
857,Customer_857,19,Pune,2022-09-18
858,Customer_858,18,Chennai,2023-08-16
859,Customer_859,22,Delhi,2023-03-10
860,Customer_860,40,Mumbai,2023-07-09
861,Customer_861,21,Mumbai,2024-08-14
862,Customer_862,48,Delhi,2022-10-21
863,Customer_863,44,Bangalore,2024-02-27
864,Customer_864,26,Pune,2023-01-19
865,Customer_865,42,Hyderabad,2024-06-09
866,Customer_866,42,Pune,2022-03-24
867,Customer_867,60,Bangalore,2023-11-01
868,Customer_868,40,Mumbai,2022-07-02
869,Customer_869,52,Pune,2023-06-26
870,Customer_870,26,Chennai,2024-05-04
871,Customer_871,18,Delhi,2022-11-02
872,Customer_872,47,Pune,2023-06-29
873,Customer_873,42,Chennai,2022-09-11
874,Customer_874,47,Jaipur,2022-06-08
875,Customer_875,35,Chennai,2024-08-17
876,Customer_876,25,Delhi,2024-04-08
877,Customer_877,60,Pune,2023-09-22
878,Customer_878,19,Chennai,2022-07-31
879,Customer_879,22,Mumbai,2023-09-01
880,Customer_880,20,Hyderabad,2023-09-05
881,Customer_881,21,Chennai,2024-01-29
882,Customer_882,20,Pune,2023-03-26
883,Customer_883,32,Chennai,2024-02-12
884,Customer_884,21,Bangalore,2023-05-31
885,Customer_885,36,Chennai,2024-04-15
886,Customer_886,54,Jaipur,2023-08-15
887,Customer_887,56,Jaipur,2022-08-31
888,Customer_888,37,Bangalore,2023-11-08
889,Customer_889,51,Chennai,2023-02-28
890,Customer_890,37,Kolkata,2022-03-04
891,Customer_891,53,Bangalore,2023-10-04
892,Customer_892,45,Hyderabad,2022-02-18
893,Customer_893,40,Pune,2024-03-15
894,Customer_894,51,Jaipur,2023-12-15
895,Customer_895,44,Pune,2022-06-02
896,Customer_896,37,Pune,2022-07-08
897,Customer_897,52,Hyderabad,2022-09-04
898,Customer_898,32,Kolkata,2024-05-28
899,Customer_899,27,Hyderabad,2024-07-25
900,Customer_900,21,Pune,2024-09-18
901,Customer_901,44,Bangalore,2023-02-02
902,Customer_902,33,Kolkata,2022-07-28
903,Customer_903,39,Mumbai,2024-08-02
904,Customer_904,46,Jaipur,2022-04-05
905,Customer_905,52,Chennai,2022-02-22
906,Customer_906,35,Pune,2023-11-21
907,Customer_907,56,Delhi,2024-06-13
908,Customer_908,22,Chennai,2024-04-03
909,Customer_909,55,Chennai,2023-05-06
910,Customer_910,31,Jaipur,2022-11-07
911,Customer_911,18,Chennai,2024-08-17
912,Customer_912,30,Mumbai,2024-02-04
913,Customer_913,48,Chennai,2023-12-14
914,Customer_914,56,Chennai,2023-02-11
915,Customer_915,33,Jaipur,2024-03-05
916,Customer_916,36,Pune,2023-04-23
917,Customer_917,52,Jaipur,2022-11-12
918,Customer_918,34,Jaipur,2023-06-10
919,Customer_919,49,Hyderabad,2022-04-11
920,Customer_920,48,Jaipur,2024-07-25
921,Customer_921,31,Jaipur,2022-11-17
922,Customer_922,44,Delhi,2023-07-31
923,Customer_923,32,Bangalore,2022-01-17
924,Customer_924,34,Pune,2022-10-30
925,Customer_925,27,Chennai,2022-12-04
926,Customer_926,32,Pune,2023-08-07
927,Customer_927,33,Hyderabad,2023-07-18
928,Customer_928,59,Jaipur,2022-09-21
929,Customer_929,49,Hyderabad,2023-04-17
930,Customer_930,28,Jaipur,2022-06-23
931,Customer_931,26,Hyderabad,2022-07-08
932,Customer_932,52,Delhi,2023-06-21
933,Customer_933,20,Mumbai,2024-08-25
934,Customer_934,60,Delhi,2024-02-22
935,Customer_935,18,Pune,2022-05-21
936,Customer_936,58,Chennai,2022-03-11
937,Customer_937,27,Delhi,2022-08-12
938,Customer_938,50,Hyderabad,2023-01-18
939,Customer_939,21,Hyderabad,2023-11-07
940,Customer_940,49,Delhi,2022-01-07
941,Customer_941,52,Pune,2022-01-13
942,Customer_942,19,Kolkata,2023-07-03
943,Customer_943,36,Delhi,2023-05-30
944,Customer_944,45,Bangalore,2022-04-20
945,Customer_945,24,Bangalore,2022-09-04
946,Customer_946,30,Kolkata,2024-04-14
947,Customer_947,40,Kolkata,2024-03-25
948,Customer_948,43,Mumbai,2023-01-18
949,Customer_949,43,Hyderabad,2023-08-02
950,Customer_950,33,Chennai,2022-11-04
951,Customer_951,23,Delhi,2022-04-06
952,Customer_952,43,Pune,2023-01-22
953,Customer_953,53,Hyderabad,2022-02-27
954,Customer_954,58,Delhi,2023-12-21
955,Customer_955,28,Mumbai,2023-05-27
956,Customer_956,45,Jaipur,2023-08-03
957,Customer_957,24,Delhi,2022-08-24
958,Customer_958,31,Hyderabad,2022-10-05
959,Customer_959,20,Mumbai,2023-12-02
960,Customer_960,35,Delhi,2022-07-03
961,Customer_961,38,Delhi,2024-09-11
962,Customer_962,31,Bangalore,2024-02-10
963,Customer_963,43,Mumbai,2022-11-03
964,Customer_964,28,Chennai,2023-08-04
965,Customer_965,42,Jaipur,2023-01-29
966,Customer_966,26,Mumbai,2023-05-28
967,Customer_967,40,Delhi,2022-04-11
968,Customer_968,45,Chennai,2024-05-08
969,Customer_969,22,Jaipur,2023-09-12
970,Customer_970,57,Pune,2024-09-19
971,Customer_971,38,Delhi,2023-10-12
972,Customer_972,35,Hyderabad,2023-05-18
973,Customer_973,32,Jaipur,2023-07-21
974,Customer_974,42,Pune,2022-07-10
975,Customer_975,55,Pune,2022-03-29
976,Customer_976,57,Kolkata,2024-03-28
977,Customer_977,33,Mumbai,2022-03-26
978,Customer_978,35,Bangalore,2023-01-25
979,Customer_979,58,Bangalore,2024-01-28
980,Customer_980,42,Jaipur,2023-01-05
981,Customer_981,24,Mumbai,2022-01-06
982,Customer_982,37,Hyderabad,2023-01-04
983,Customer_983,35,Mumbai,2022-05-16
984,Customer_984,23,Bangalore,2023-03-18
985,Customer_985,46,Pune,2022-04-16
986,Customer_986,19,Mumbai,2022-12-29
987,Customer_987,53,Mumbai,2023-09-04
988,Customer_988,56,Jaipur,2024-06-03
989,Customer_989,42,Delhi,2022-10-26
990,Customer_990,44,Pune,2024-03-08
991,Customer_991,23,Chennai,2023-08-09
992,Customer_992,51,Bangalore,2023-12-03
993,Customer_993,42,Bangalore,2022-05-23
994,Customer_994,35,Kolkata,2022-10-02
995,Customer_995,49,Bangalore,2022-03-06
996,Customer_996,28,Pune,2022-10-10
997,Customer_997,44,Kolkata,2023-05-11
998,Customer_998,22,Jaipur,2022-09-15
999,Customer_999,33,Hyderabad,2023-09-01
1000,Customer_1000,57,Chennai,2023-04-14
1001,Customer_1001,24,Bangalore,2022-11-08
1002,Customer_1002,18,Pune,2022-12-07
1003,Customer_1003,57,Pune,2024-04-03
1004,Customer_1004,39,Hyderabad,2022-12-09
1005,Customer_1005,45,Bangalore,2022-11-04
1006,Customer_1006,38,Chennai,2023-05-06
1007,Customer_1007,38,Bangalore,2024-09-14
1008,Customer_1008,43,Jaipur,2022-10-26
1009,Customer_1009,58,Hyderabad,2024-09-17
1010,Customer_1010,54,Chennai,2022-11-30
1011,Customer_1011,42,Kolkata,2024-04-16
1012,Customer_1012,43,Jaipur,2022-04-27
1013,Customer_1013,54,Chennai,2023-08-30
1014,Customer_1014,52,Bangalore,2023-11-30
1015,Customer_1015,53,Delhi,2024-09-02
1016,Customer_1016,47,Chennai,2023-03-25
1017,Customer_1017,36,Mumbai,2024-04-18
1018,Customer_1018,44,Hyderabad,2022-05-23
1019,Customer_1019,58,Kolkata,2022-09-05
1020,Customer_1020,34,Bangalore,2024-01-03
1021,Customer_1021,45,Pune,2022-03-17
1022,Customer_1022,46,Hyderabad,2023-08-20
1023,Customer_1023,43,Pune,2023-07-11
1024,Customer_1024,20,Jaipur,2023-12-20
1025,Customer_1025,52,Mumbai,2022-04-22
1026,Customer_1026,33,Jaipur,2022-06-20
1027,Customer_1027,59,Delhi,2023-07-31
1028,Customer_1028,59,Pune,2024-09-17
1029,Customer_1029,39,Pune,2022-04-19
1030,Customer_1030,18,Mumbai,2022-09-22
1031,Customer_1031,32,Chennai,2023-04-02
1032,Customer_1032,41,Pune,2023-04-20
1033,Customer_1033,55,Bangalore,2022-12-20
1034,Customer_1034,19,Hyderabad,2022-04-18
1035,Customer_1035,36,Pune,2024-07-31
1036,Customer_1036,23,Mumbai,2024-05-01
1037,Customer_1037,27,Jaipur,2022-11-16
1038,Customer_1038,39,Hyderabad,2024-03-14
1039,Customer_1039,31,Hyderabad,2022-12-23
1040,Customer_1040,48,Mumbai,2023-03-25
1041,Customer_1041,46,Jaipur,2022-03-10
1042,Customer_1042,37,Delhi,2024-04-09
1043,Customer_1043,25,Delhi,2024-05-19
1044,Customer_1044,39,Mumbai,2023-11-25
1045,Customer_1045,28,Chennai,2023-06-13
1046,Customer_1046,29,Bangalore,2022-12-05
1047,Customer_1047,53,Pune,2024-09-08
1048,Customer_1048,47,Chennai,2024-03-27
1049,Customer_1049,43,Bangalore,2022-07-10
1050,Customer_1050,58,Pune,2023-02-10
1051,Customer_1051,19,Chennai,2023-04-06
1052,Customer_1052,55,Pune,2023-02-03
1053,Customer_1053,18,Chennai,2022-07-30
1054,Customer_1054,35,Mumbai,2023-08-15
1055,Customer_1055,24,Bangalore,2023-01-10
1056,Customer_1056,38,Chennai,2023-04-14
1057,Customer_1057,25,Kolkata,2023-11-18
1058,Customer_1058,49,Jaipur,2023-09-04
1059,Customer_1059,42,Pune,2023-08-25
1060,Customer_1060,25,Jaipur,2022-12-27
1061,Customer_1061,47,Bangalore,2024-04-13
1062,Customer_1062,37,Mumbai,2023-11-20
1063,Customer_1063,26,Jaipur,2022-05-01
1064,Customer_1064,33,Kolkata,2022-04-30
1065,Customer_1065,29,Jaipur,2023-12-12
1066,Customer_1066,27,Pune,2023-03-05
1067,Customer_1067,56,Bangalore,2023-08-12
1068,Customer_1068,42,Pune,2022-07-10
1069,Customer_1069,49,Bangalore,2023-07-23
1070,Customer_1070,28,Hyderabad,2022-10-23
1071,Customer_1071,26,Bangalore,2022-11-19
1072,Customer_1072,46,Delhi,2024-06-05
1073,Customer_1073,40,Delhi,2023-05-12
1074,Customer_1074,26,Chennai,2024-04-14
1075,Customer_1075,42,Hyderabad,2023-02-23
1076,Customer_1076,49,Pune,2023-12-29
1077,Customer_1077,46,Hyderabad,2022-06-21
1078,Customer_1078,23,Delhi,2024-03-25
1079,Customer_1079,32,Kolkata,2022-02-03
1080,Customer_1080,35,Chennai,2023-07-05
1081,Customer_1081,36,Bangalore,2024-03-10
1082,Customer_1082,47,Hyderabad,2023-07-17
1083,Customer_1083,50,Mumbai,2023-08-10
1084,Customer_1084,25,Kolkata,2024-03-04
1085,Customer_1085,52,Jaipur,2023-07-10
1086,Customer_1086,20,Hyderabad,2023-07-14
1087,Customer_1087,31,Pune,2022-04-15
1088,Customer_1088,59,Chennai,2022-11-01
1089,Customer_1089,20,Hyderabad,2022-09-27
1090,Customer_1090,40,Mumbai,2023-03-26
1091,Customer_1091,25,Chennai,2022-08-03
1092,Customer_1092,55,Jaipur,2024-05-31
1093,Customer_1093,57,Pune,2022-06-19
1094,Customer_1094,57,Bangalore,2024-03-14
1095,Customer_1095,31,Chennai,2024-04-04
1096,Customer_1096,21,Jaipur,2023-06-30
1097,Customer_1097,35,Bangalore,2022-11-28
1098,Customer_1098,36,Kolkata,2023-08-10
1099,Customer_1099,35,Mumbai,2022-05-19
1100,Customer_1100,44,Delhi,2022-10-11
1101,Customer_1101,59,Bangalore,2023-12-20
1102,Customer_1102,26,Chennai,2022-05-30
1103,Customer_1103,38,Chennai,2024-02-19
1104,Customer_1104,43,Hyderabad,2022-05-26
1105,Customer_1105,54,Kolkata,2023-10-05
1106,Customer_1106,44,Pune,2023-04-08
1107,Customer_1107,22,Mumbai,2023-02-17
1108,Customer_1108,50,Kolkata,2023-12-13
1109,Customer_1109,41,Hyderabad,2024-08-31
1110,Customer_1110,49,Jaipur,2023-08-19
1111,Customer_1111,18,Mumbai,2024-01-19
1112,Customer_1112,47,Jaipur,2024-05-20
1113,Customer_1113,22,Pune,2022-08-12
1114,Customer_1114,45,Chennai,2023-05-22
1115,Customer_1115,35,Jaipur,2024-04-28
1116,Customer_1116,36,Jaipur,2023-07-15
1117,Customer_1117,54,Bangalore,2023-08-03
1118,Customer_1118,49,Jaipur,2024-07-04
1119,Customer_1119,21,Delhi,2022-04-12
1120,Customer_1120,58,Hyderabad,2022-01-17
1121,Customer_1121,25,Bangalore,2023-03-28
1122,Customer_1122,47,Delhi,2024-09-08
1123,Customer_1123,45,Chennai,2023-12-07
1124,Customer_1124,26,Kolkata,2022-06-12
1125,Customer_1125,35,Mumbai,2023-11-02
1126,Customer_1126,41,Kolkata,2022-03-26
1127,Customer_1127,41,Bangalore,2022-02-23
1128,Customer_1128,43,Kolkata,2024-01-14
1129,Customer_1129,32,Pune,2023-11-03
1130,Customer_1130,23,Mumbai,2022-01-02
1131,Customer_1131,31,Hyderabad,2022-03-21
1132,Customer_1132,26,Chennai,2023-06-16
1133,Customer_1133,46,Delhi,2022-01-09
1134,Customer_1134,39,Mumbai,2024-05-30
1135,Customer_1135,45,Bangalore,2023-05-05
1136,Customer_1136,22,Chennai,2023-01-28
1137,Customer_1137,23,Mumbai,2022-04-16
1138,Customer_1138,38,Jaipur,2024-06-21
1139,Customer_1139,37,Bangalore,2023-01-27
1140,Customer_1140,26,Bangalore,2022-03-12
1141,Customer_1141,51,Delhi,2023-09-17
1142,Customer_1142,59,Bangalore,2023-03-27
1143,Customer_1143,40,Chennai,2023-10-06
1144,Customer_1144,27,Pune,2023-09-23
1145,Customer_1145,46,Chennai,2022-03-30
1146,Customer_1146,24,Bangalore,2024-02-10
1147,Customer_1147,25,Pune,2022-12-26
1148,Customer_1148,45,Jaipur,2024-03-21
1149,Customer_1149,26,Chennai,2022-10-11
1150,Customer_1150,59,Mumbai,2022-09-12
1151,Customer_1151,53,Kolkata,2024-03-08
1152,Customer_1152,19,Kolkata,2022-07-30
1153,Customer_1153,51,Chennai,2024-02-05
1154,Customer_1154,43,Kolkata,2023-10-24
1155,Customer_1155,21,Chennai,2023-05-22
1156,Customer_1156,42,Mumbai,2022-09-04
1157,Customer_1157,49,Mumbai,2023-06-25
1158,Customer_1158,18,Jaipur,2024-08-14
1159,Customer_1159,38,Bangalore,2023-02-01
1160,Customer_1160,54,Pune,2023-01-10
1161,Customer_1161,52,Bangalore,2024-02-21
1162,Customer_1162,48,Mumbai,2022-01-18
1163,Customer_1163,55,Mumbai,2022-01-15
1164,Customer_1164,34,Chennai,2022-02-10
1165,Customer_1165,21,Pune,2023-06-03
1166,Customer_1166,36,Pune,2023-03-10
1167,Customer_1167,43,Mumbai,2023-10-18
1168,Customer_1168,52,Bangalore,2022-10-12
1169,Customer_1169,23,Kolkata,2022-03-22
1170,Customer_1170,50,Chennai,2024-09-24
1171,Customer_1171,27,Jaipur,2023-02-05
1172,Customer_1172,55,Mumbai,2022-11-14
1173,Customer_1173,45,Chennai,2022-03-01
1174,Customer_1174,33,Mumbai,2024-08-04
1175,Customer_1175,45,Mumbai,2023-04-10
1176,Customer_1176,57,Delhi,2022-11-13
1177,Customer_1177,60,Bangalore,2022-05-03
1178,Customer_1178,18,Bangalore,2023-12-20
1179,Customer_1179,18,Bangalore,2023-05-24
1180,Customer_1180,40,Kolkata,2022-06-20
1181,Customer_1181,41,Bangalore,2024-02-07
1182,Customer_1182,35,Mumbai,2024-02-29
1183,Customer_1183,19,Jaipur,2024-04-06
1184,Customer_1184,45,Kolkata,2023-06-21
1185,Customer_1185,22,Kolkata,2023-12-31
1186,Customer_1186,54,Mumbai,2023-05-24
1187,Customer_1187,47,Jaipur,2022-02-26
1188,Customer_1188,49,Bangalore,2023-01-12
1189,Customer_1189,28,Kolkata,2024-03-02
1190,Customer_1190,24,Mumbai,2022-08-22
1191,Customer_1191,50,Delhi,2022-02-15
1192,Customer_1192,18,Chennai,2022-02-17
1193,Customer_1193,48,Jaipur,2023-01-28
1194,Customer_1194,27,Bangalore,2024-08-11
1195,Customer_1195,20,Pune,2022-08-18
1196,Customer_1196,38,Chennai,2023-03-03
1197,Customer_1197,38,Kolkata,2024-04-25
1198,Customer_1198,22,Jaipur,2022-05-03
1199,Customer_1199,50,Delhi,2022-07-03
1200,Customer_1200,32,Delhi,2024-09-03
1201,Customer_1201,43,Mumbai,2024-06-17
1202,Customer_1202,47,Kolkata,2024-03-03
1203,Customer_1203,37,Jaipur,2022-03-30
1204,Customer_1204,53,Hyderabad,2022-01-09
1205,Customer_1205,41,Chennai,2022-10-26
1206,Customer_1206,54,Kolkata,2024-01-28
1207,Customer_1207,57,Chennai,2023-04-21
1208,Customer_1208,41,Hyderabad,2024-03-02
1209,Customer_1209,30,Chennai,2022-06-04
1210,Customer_1210,18,Pune,2022-01-25
1211,Customer_1211,32,Jaipur,2023-10-14
1212,Customer_1212,18,Jaipur,2022-01-02
1213,Customer_1213,60,Pune,2024-05-19
1214,Customer_1214,37,Mumbai,2022-07-30
1215,Customer_1215,51,Chennai,2023-03-06
1216,Customer_1216,49,Delhi,2024-09-22
1217,Customer_1217,27,Kolkata,2022-04-06
1218,Customer_1218,20,Chennai,2024-07-07
1219,Customer_1219,51,Pune,2023-12-19
1220,Customer_1220,41,Hyderabad,2024-09-24
1221,Customer_1221,23,Mumbai,2023-06-02
1222,Customer_1222,26,Pune,2022-03-18
1223,Customer_1223,55,Delhi,2023-03-22
1224,Customer_1224,60,Bangalore,2022-08-31
1225,Customer_1225,36,Kolkata,2024-05-21
1226,Customer_1226,38,Pune,2023-12-19
1227,Customer_1227,38,Jaipur,2023-04-09
1228,Customer_1228,35,Chennai,2022-03-18
1229,Customer_1229,30,Bangalore,2024-03-09
1230,Customer_1230,55,Mumbai,2022-06-09
1231,Customer_1231,24,Bangalore,2023-04-06
1232,Customer_1232,47,Jaipur,2023-02-21
1233,Customer_1233,25,Jaipur,2024-09-14
1234,Customer_1234,31,Hyderabad,2022-11-12
1235,Customer_1235,47,Kolkata,2024-05-22
1236,Customer_1236,25,Mumbai,2022-06-11
1237,Customer_1237,37,Delhi,2022-08-09
1238,Customer_1238,38,Bangalore,2022-04-04
1239,Customer_1239,33,Jaipur,2023-02-10
1240,Customer_1240,50,Delhi,2023-11-25
1241,Customer_1241,37,Kolkata,2024-04-19
1242,Customer_1242,29,Delhi,2024-09-01
1243,Customer_1243,43,Hyderabad,2023-07-24
1244,Customer_1244,53,Chennai,2022-04-07
1245,Customer_1245,47,Mumbai,2024-04-03
1246,Customer_1246,26,Mumbai,2022-01-13
1247,Customer_1247,21,Chennai,2022-05-14
1248,Customer_1248,30,Pune,2023-01-17
1249,Customer_1249,58,Mumbai,2023-08-20
1250,Customer_1250,55,Kolkata,2024-07-28
1251,Customer_1251,22,Delhi,2022-03-08
1252,Customer_1252,30,Hyderabad,2024-04-08
1253,Customer_1253,26,Mumbai,2024-07-15
1254,Customer_1254,39,Mumbai,2022-02-13
1255,Customer_1255,47,Delhi,2022-06-22
1256,Customer_1256,54,Pune,2024-04-21
1257,Customer_1257,43,Hyderabad,2022-01-31
1258,Customer_1258,42,Pune,2022-06-26
1259,Customer_1259,40,Chennai,2024-07-19
1260,Customer_1260,29,Kolkata,2022-10-14
1261,Customer_1261,46,Bangalore,2022-02-05
1262,Customer_1262,57,Chennai,2023-10-25
1263,Customer_1263,36,Hyderabad,2023-02-26
1264,Customer_1264,53,Hyderabad,2022-03-04
1265,Customer_1265,23,Kolkata,2023-01-28
1266,Customer_1266,26,Pune,2022-07-24
1267,Customer_1267,59,Chennai,2023-10-08
1268,Customer_1268,52,Delhi,2023-01-27
1269,Customer_1269,40,Hyderabad,2023-07-12
1270,Customer_1270,49,Jaipur,2024-07-23
1271,Customer_1271,54,Jaipur,2023-02-02
1272,Customer_1272,35,Bangalore,2022-01-27
1273,Customer_1273,38,Chennai,2022-01-31
1274,Customer_1274,35,Delhi,2024-04-08
1275,Customer_1275,48,Jaipur,2024-02-25
1276,Customer_1276,55,Chennai,2024-09-24
1277,Customer_1277,28,Mumbai,2022-09-11
1278,Customer_1278,60,Chennai,2022-09-30
1279,Customer_1279,52,Delhi,2024-02-22
1280,Customer_1280,32,Pune,2022-12-30
1281,Customer_1281,29,Bangalore,2022-08-31
1282,Customer_1282,55,Jaipur,2024-04-05
1283,Customer_1283,40,Delhi,2023-12-22
1284,Customer_1284,40,Bangalore,2023-07-31
1285,Customer_1285,30,Hyderabad,2023-07-10
1286,Customer_1286,37,Bangalore,2023-05-18
1287,Customer_1287,20,Mumbai,2022-02-27
1288,Customer_1288,32,Chennai,2022-01-21
1289,Customer_1289,51,Hyderabad,2022-01-01
1290,Customer_1290,39,Chennai,2024-04-05
1291,Customer_1291,26,Jaipur,2024-01-05
1292,Customer_1292,29,Jaipur,2022-03-02
1293,Customer_1293,19,Bangalore,2023-08-24
1294,Customer_1294,27,Mumbai,2024-05-16
1295,Customer_1295,51,Jaipur,2024-09-10
1296,Customer_1296,22,Jaipur,2023-12-23
1297,Customer_1297,60,Pune,2023-08-24
1298,Customer_1298,24,Jaipur,2022-11-06
1299,Customer_1299,38,Bangalore,2024-09-26
1300,Customer_1300,28,Pune,2024-03-21
1301,Customer_1301,58,Hyderabad,2023-10-27
1302,Customer_1302,38,Bangalore,2023-12-26
1303,Customer_1303,53,Jaipur,2022-08-17
1304,Customer_1304,60,Bangalore,2023-01-23
1305,Customer_1305,37,Kolkata,2022-05-11
1306,Customer_1306,29,Delhi,2024-08-29
1307,Customer_1307,54,Pune,2024-05-21
1308,Customer_1308,54,Delhi,2022-07-06
1309,Customer_1309,56,Jaipur,2024-08-01
1310,Customer_1310,57,Chennai,2023-10-17
1311,Customer_1311,54,Mumbai,2024-08-17
1312,Customer_1312,49,Bangalore,2022-12-06
1313,Customer_1313,22,Chennai,2022-12-22
1314,Customer_1314,38,Bangalore,2023-10-14
1315,Customer_1315,23,Jaipur,2023-04-03
1316,Customer_1316,18,Kolkata,2022-08-03
1317,Customer_1317,33,Mumbai,2022-12-25
1318,Customer_1318,34,Mumbai,2024-01-08
1319,Customer_1319,18,Delhi,2023-01-31
1320,Customer_1320,46,Pune,2024-09-19
1321,Customer_1321,28,Pune,2023-05-20
1322,Customer_1322,42,Jaipur,2023-07-14
1323,Customer_1323,42,Mumbai,2024-04-28
1324,Customer_1324,48,Chennai,2022-06-16
1325,Customer_1325,46,Mumbai,2024-03-29
1326,Customer_1326,20,Kolkata,2022-01-21
1327,Customer_1327,38,Kolkata,2024-09-01
1328,Customer_1328,24,Mumbai,2022-12-17
1329,Customer_1329,28,Pune,2022-06-14
1330,Customer_1330,22,Mumbai,2022-12-13
1331,Customer_1331,56,Hyderabad,2023-12-23
1332,Customer_1332,19,Pune,2024-08-23
1333,Customer_1333,59,Bangalore,2023-09-14
1334,Customer_1334,45,Bangalore,2022-02-24
1335,Customer_1335,24,Jaipur,2022-07-30
1336,Customer_1336,30,Pune,2023-12-15
1337,Customer_1337,53,Kolkata,2023-11-08
1338,Customer_1338,36,Kolkata,2022-09-01
1339,Customer_1339,24,Delhi,2023-02-07
1340,Customer_1340,54,Hyderabad,2022-06-07
1341,Customer_1341,21,Jaipur,2022-01-04
1342,Customer_1342,45,Mumbai,2022-10-29
1343,Customer_1343,60,Hyderabad,2022-07-24
1344,Customer_1344,24,Delhi,2022-07-31
1345,Customer_1345,28,Kolkata,2024-09-27
1346,Customer_1346,23,Hyderabad,2024-05-14
1347,Customer_1347,25,Kolkata,2024-03-14
1348,Customer_1348,43,Hyderabad,2023-05-16
1349,Customer_1349,60,Kolkata,2022-04-04
1350,Customer_1350,59,Pune,2022-07-09
1351,Customer_1351,41,Pune,2023-01-14
1352,Customer_1352,29,Hyderabad,2022-02-15
1353,Customer_1353,34,Hyderabad,2023-04-22
1354,Customer_1354,34,Chennai,2024-05-07
1355,Customer_1355,35,Delhi,2022-06-04
1356,Customer_1356,60,Mumbai,2022-03-29
1357,Customer_1357,60,Jaipur,2024-04-07
1358,Customer_1358,52,Pune,2024-09-21
1359,Customer_1359,55,Chennai,2023-07-21
1360,Customer_1360,21,Pune,2024-04-18
1361,Customer_1361,51,Pune,2024-09-15
1362,Customer_1362,52,Hyderabad,2023-08-10
1363,Customer_1363,33,Hyderabad,2022-11-03
1364,Customer_1364,23,Pune,2024-07-13
1365,Customer_1365,20,Bangalore,2022-05-04
1366,Customer_1366,46,Bangalore,2024-08-29
1367,Customer_1367,28,Chennai,2024-04-07
1368,Customer_1368,30,Bangalore,2022-02-13
1369,Customer_1369,45,Mumbai,2023-12-01
1370,Customer_1370,45,Chennai,2024-04-22
1371,Customer_1371,58,Bangalore,2024-05-04
1372,Customer_1372,56,Kolkata,2022-11-24
1373,Customer_1373,22,Mumbai,2023-02-02
1374,Customer_1374,53,Pune,2023-07-20
1375,Customer_1375,38,Kolkata,2023-06-17
1376,Customer_1376,47,Delhi,2024-03-16
1377,Customer_1377,57,Pune,2022-04-26
1378,Customer_1378,44,Bangalore,2022-06-01
1379,Customer_1379,54,Mumbai,2024-08-05
1380,Customer_1380,24,Mumbai,2024-03-15
1381,Customer_1381,36,Jaipur,2024-06-17
1382,Customer_1382,44,Kolkata,2023-01-28
1383,Customer_1383,59,Hyderabad,2023-08-09
1384,Customer_1384,56,Hyderabad,2022-02-08
1385,Customer_1385,29,Kolkata,2023-02-17
1386,Customer_1386,27,Pune,2022-02-09
1387,Customer_1387,43,Jaipur,2023-12-09
1388,Customer_1388,33,Delhi,2024-02-03
1389,Customer_1389,48,Kolkata,2024-07-07
1390,Customer_1390,41,Delhi,2022-12-12
1391,Customer_1391,37,Kolkata,2022-10-15
1392,Customer_1392,49,Mumbai,2024-09-22
1393,Customer_1393,32,Bangalore,2022-11-04
1394,Customer_1394,46,Jaipur,2022-10-03
1395,Customer_1395,44,Mumbai,2022-07-12
1396,Customer_1396,46,Chennai,2024-07-24
1397,Customer_1397,44,Hyderabad,2024-02-17
1398,Customer_1398,51,Jaipur,2024-04-20
1399,Customer_1399,21,Bangalore,2022-03-09
1400,Customer_1400,37,Pune,2022-05-19
1401,Customer_1401,51,Delhi,2022-06-27
1402,Customer_1402,30,Chennai,2024-05-07
1403,Customer_1403,21,Chennai,2022-02-03
1404,Customer_1404,47,Delhi,2024-07-29
1405,Customer_1405,41,Chennai,2022-10-08
1406,Customer_1406,41,Hyderabad,2023-06-02
1407,Customer_1407,43,Mumbai,2023-11-29
1408,Customer_1408,19,Chennai,2023-01-17
1409,Customer_1409,49,Hyderabad,2022-07-01
1410,Customer_1410,48,Jaipur,2022-12-19
1411,Customer_1411,28,Kolkata,2024-02-06
1412,Customer_1412,23,Kolkata,2022-01-29
1413,Customer_1413,42,Delhi,2022-06-16
1414,Customer_1414,54,Chennai,2024-05-27
1415,Customer_1415,32,Chennai,2023-11-25
1416,Customer_1416,31,Kolkata,2023-10-30
1417,Customer_1417,44,Delhi,2024-06-04
1418,Customer_1418,18,Hyderabad,2024-07-22
1419,Customer_1419,26,Bangalore,2023-09-08
1420,Customer_1420,18,Chennai,2022-09-16
1421,Customer_1421,56,Kolkata,2023-12-31
1422,Customer_1422,59,Kolkata,2023-03-10
1423,Customer_1423,42,Jaipur,2023-04-16
1424,Customer_1424,34,Chennai,2023-04-23
1425,Customer_1425,37,Pune,2023-08-22
1426,Customer_1426,24,Delhi,2023-06-08
1427,Customer_1427,60,Jaipur,2023-07-29
1428,Customer_1428,59,Kolkata,2022-11-02
1429,Customer_1429,24,Hyderabad,2022-03-07
1430,Customer_1430,39,Kolkata,2023-10-18
1431,Customer_1431,38,Kolkata,2022-09-25
1432,Customer_1432,59,Kolkata,2022-07-12
1433,Customer_1433,27,Chennai,2024-07-10
1434,Customer_1434,21,Pune,2023-11-08
1435,Customer_1435,38,Bangalore,2024-01-09
1436,Customer_1436,19,Hyderabad,2022-10-30
1437,Customer_1437,34,Pune,2023-02-19
1438,Customer_1438,42,Delhi,2023-08-21
1439,Customer_1439,54,Chennai,2022-12-18
1440,Customer_1440,32,Hyderabad,2024-07-17
1441,Customer_1441,60,Jaipur,2023-06-04
1442,Customer_1442,37,Bangalore,2024-05-10
1443,Customer_1443,60,Bangalore,2022-10-28
1444,Customer_1444,24,Hyderabad,2022-05-12
1445,Customer_1445,34,Bangalore,2024-08-27
1446,Customer_1446,39,Mumbai,2022-08-16
1447,Customer_1447,40,Chennai,2024-02-02
1448,Customer_1448,37,Pune,2024-03-18
1449,Customer_1449,39,Jaipur,2022-09-24
1450,Customer_1450,55,Kolkata,2023-04-20
1451,Customer_1451,25,Hyderabad,2022-02-24
1452,Customer_1452,58,Mumbai,2023-04-29
1453,Customer_1453,30,Mumbai,2024-06-07
1454,Customer_1454,42,Kolkata,2023-02-28
1455,Customer_1455,21,Bangalore,2022-05-21
1456,Customer_1456,30,Jaipur,2023-02-24
1457,Customer_1457,54,Hyderabad,2022-05-27
1458,Customer_1458,38,Bangalore,2024-03-08
1459,Customer_1459,23,Hyderabad,2022-12-07
1460,Customer_1460,58,Bangalore,2022-11-17
1461,Customer_1461,58,Delhi,2022-01-05
1462,Customer_1462,46,Kolkata,2022-08-03
1463,Customer_1463,28,Bangalore,2023-05-17
1464,Customer_1464,23,Bangalore,2023-09-22
1465,Customer_1465,45,Pune,2023-02-18
1466,Customer_1466,45,Hyderabad,2023-01-28
1467,Customer_1467,18,Delhi,2023-07-01
1468,Customer_1468,30,Jaipur,2024-08-30
1469,Customer_1469,18,Jaipur,2024-02-15
1470,Customer_1470,51,Chennai,2022-01-19
1471,Customer_1471,18,Chennai,2022-08-20
1472,Customer_1472,40,Kolkata,2022-05-13
1473,Customer_1473,24,Pune,2023-05-31
1474,Customer_1474,55,Kolkata,2022-06-21
1475,Customer_1475,22,Delhi,2022-11-02
1476,Customer_1476,36,Hyderabad,2024-01-16
1477,Customer_1477,51,Jaipur,2023-03-21
1478,Customer_1478,26,Jaipur,2024-07-12
1479,Customer_1479,49,Jaipur,2024-02-08
1480,Customer_1480,30,Bangalore,2024-08-28
1481,Customer_1481,43,Delhi,2022-08-22
1482,Customer_1482,32,Bangalore,2022-08-05
1483,Customer_1483,19,Bangalore,2022-05-07
1484,Customer_1484,41,Delhi,2023-01-20
1485,Customer_1485,58,Kolkata,2024-02-29
1486,Customer_1486,52,Delhi,2023-09-01
1487,Customer_1487,21,Mumbai,2023-11-01
1488,Customer_1488,19,Delhi,2023-12-08
1489,Customer_1489,25,Pune,2023-03-31
1490,Customer_1490,42,Mumbai,2023-07-15
1491,Customer_1491,34,Hyderabad,2023-12-20
1492,Customer_1492,27,Chennai,2023-12-13
1493,Customer_1493,58,Delhi,2022-11-05
1494,Customer_1494,44,Mumbai,2023-11-10
1495,Customer_1495,51,Kolkata,2023-09-30
1496,Customer_1496,56,Bangalore,2023-03-05
1497,Customer_1497,24,Mumbai,2022-10-17
1498,Customer_1498,25,Mumbai,2023-05-25
1499,Customer_1499,30,Chennai,2024-03-07
1500,Customer_1500,34,Chennai,2023-01-02
1501,Customer_1501,44,Kolkata,2022-06-14
1502,Customer_1502,20,Hyderabad,2024-07-21
1503,Customer_1503,31,Hyderabad,2022-12-05
1504,Customer_1504,33,Delhi,2022-01-14
1505,Customer_1505,60,Mumbai,2024-07-17
1506,Customer_1506,25,Hyderabad,2022-06-02
1507,Customer_1507,23,Mumbai,2024-01-11
1508,Customer_1508,24,Kolkata,2023-10-22
1509,Customer_1509,32,Hyderabad,2024-09-27
1510,Customer_1510,36,Kolkata,2023-04-21
1511,Customer_1511,21,Mumbai,2024-04-12
1512,Customer_1512,29,Delhi,2024-05-22
1513,Customer_1513,36,Jaipur,2024-03-31
1514,Customer_1514,38,Pune,2024-01-27
1515,Customer_1515,25,Mumbai,2024-05-21
1516,Customer_1516,20,Delhi,2024-05-22
1517,Customer_1517,26,Bangalore,2022-12-03
1518,Customer_1518,40,Hyderabad,2024-09-05
1519,Customer_1519,57,Kolkata,2024-06-18
1520,Customer_1520,23,Jaipur,2024-04-14
1521,Customer_1521,39,Bangalore,2022-04-27
1522,Customer_1522,43,Pune,2024-09-12
1523,Customer_1523,47,Kolkata,2024-05-05
1524,Customer_1524,42,Hyderabad,2024-03-30
1525,Customer_1525,44,Bangalore,2022-04-26
1526,Customer_1526,26,Delhi,2024-08-23
1527,Customer_1527,28,Mumbai,2023-03-03
1528,Customer_1528,55,Hyderabad,2024-04-01
1529,Customer_1529,54,Hyderabad,2022-07-05
1530,Customer_1530,57,Pune,2024-03-08
1531,Customer_1531,40,Delhi,2024-06-02
1532,Customer_1532,26,Hyderabad,2024-07-31
1533,Customer_1533,49,Mumbai,2024-06-27
1534,Customer_1534,44,Hyderabad,2022-02-17
1535,Customer_1535,22,Kolkata,2023-11-02
1536,Customer_1536,38,Delhi,2023-12-23
1537,Customer_1537,51,Chennai,2024-09-05
1538,Customer_1538,60,Jaipur,2023-06-16
1539,Customer_1539,51,Mumbai,2023-03-20
1540,Customer_1540,60,Chennai,2023-05-09
1541,Customer_1541,40,Pune,2022-06-02
1542,Customer_1542,53,Delhi,2022-01-12
1543,Customer_1543,59,Bangalore,2023-06-02
1544,Customer_1544,48,Hyderabad,2024-06-09
1545,Customer_1545,28,Mumbai,2024-02-09
1546,Customer_1546,49,Jaipur,2022-09-04
1547,Customer_1547,39,Kolkata,2022-02-21
1548,Customer_1548,50,Chennai,2023-07-18
1549,Customer_1549,59,Pune,2023-02-17
1550,Customer_1550,33,Mumbai,2023-04-16
1551,Customer_1551,46,Hyderabad,2022-04-01
1552,Customer_1552,49,Hyderabad,2022-11-20
1553,Customer_1553,25,Hyderabad,2024-02-03
1554,Customer_1554,59,Delhi,2022-04-16
1555,Customer_1555,43,Pune,2022-02-06
1556,Customer_1556,53,Delhi,2024-04-25
1557,Customer_1557,23,Kolkata,2024-06-30
1558,Customer_1558,50,Chennai,2023-11-02
1559,Customer_1559,60,Hyderabad,2024-08-31
1560,Customer_1560,39,Jaipur,2024-04-25
1561,Customer_1561,21,Chennai,2024-05-14
1562,Customer_1562,47,Jaipur,2023-07-28
1563,Customer_1563,57,Hyderabad,2024-01-04
1564,Customer_1564,60,Jaipur,2024-01-04
1565,Customer_1565,46,Mumbai,2022-04-10
1566,Customer_1566,60,Chennai,2022-01-03
1567,Customer_1567,39,Jaipur,2024-04-29
1568,Customer_1568,58,Kolkata,2023-07-15
1569,Customer_1569,51,Jaipur,2023-12-20
1570,Customer_1570,24,Delhi,2024-07-07
1571,Customer_1571,28,Hyderabad,2022-05-24
1572,Customer_1572,44,Mumbai,2022-09-18
1573,Customer_1573,57,Chennai,2022-07-12
1574,Customer_1574,25,Pune,2022-08-09
1575,Customer_1575,47,Chennai,2024-01-04
1576,Customer_1576,39,Mumbai,2024-02-15
1577,Customer_1577,44,Delhi,2024-08-06
1578,Customer_1578,58,Mumbai,2024-03-01
1579,Customer_1579,46,Hyderabad,2023-11-06
1580,Customer_1580,55,Bangalore,2024-09-13
1581,Customer_1581,49,Delhi,2023-06-28
1582,Customer_1582,21,Pune,2024-05-08
1583,Customer_1583,55,Hyderabad,2024-08-04
1584,Customer_1584,50,Bangalore,2023-12-10
1585,Customer_1585,55,Bangalore,2024-01-19
1586,Customer_1586,26,Mumbai,2023-02-01
1587,Customer_1587,60,Jaipur,2023-06-01
1588,Customer_1588,42,Pune,2023-09-16
1589,Customer_1589,33,Kolkata,2023-02-12
1590,Customer_1590,39,Kolkata,2023-04-09
1591,Customer_1591,26,Bangalore,2023-02-27
1592,Customer_1592,56,Kolkata,2024-05-13
1593,Customer_1593,53,Jaipur,2023-12-30
1594,Customer_1594,53,Chennai,2022-07-25
1595,Customer_1595,31,Kolkata,2023-12-05
1596,Customer_1596,40,Bangalore,2023-12-29
1597,Customer_1597,59,Bangalore,2023-05-31
1598,Customer_1598,52,Jaipur,2023-12-29
1599,Customer_1599,25,Jaipur,2023-07-30
1600,Customer_1600,48,Pune,2023-11-22
1601,Customer_1601,52,Kolkata,2024-06-17
1602,Customer_1602,45,Delhi,2023-06-20
1603,Customer_1603,24,Delhi,2023-01-26
1604,Customer_1604,27,Delhi,2023-11-18
1605,Customer_1605,21,Chennai,2022-10-01
1606,Customer_1606,28,Kolkata,2023-12-01
1607,Customer_1607,34,Bangalore,2024-05-09
1608,Customer_1608,21,Kolkata,2022-07-28
1609,Customer_1609,52,Delhi,2023-01-03
1610,Customer_1610,46,Mumbai,2023-09-23
1611,Customer_1611,53,Chennai,2024-01-31
1612,Customer_1612,59,Pune,2022-09-01
1613,Customer_1613,50,Kolkata,2023-12-11
1614,Customer_1614,60,Delhi,2024-08-06
1615,Customer_1615,42,Pune,2023-03-03
1616,Customer_1616,38,Delhi,2022-01-14
1617,Customer_1617,34,Chennai,2023-09-28
1618,Customer_1618,46,Chennai,2024-07-22
1619,Customer_1619,58,Jaipur,2024-02-13
1620,Customer_1620,55,Chennai,2024-03-05
1621,Customer_1621,30,Kolkata,2023-04-05
1622,Customer_1622,29,Mumbai,2022-07-11
1623,Customer_1623,29,Mumbai,2023-01-22
1624,Customer_1624,20,Pune,2022-10-13
1625,Customer_1625,53,Kolkata,2022-05-14
1626,Customer_1626,28,Kolkata,2022-01-06
1627,Customer_1627,39,Hyderabad,2023-12-28
1628,Customer_1628,27,Delhi,2022-06-07
1629,Customer_1629,38,Delhi,2024-03-03
1630,Customer_1630,58,Kolkata,2023-05-18
1631,Customer_1631,54,Jaipur,2022-03-16
1632,Customer_1632,38,Chennai,2024-09-06
1633,Customer_1633,29,Mumbai,2024-03-16
1634,Customer_1634,50,Bangalore,2023-03-02
1635,Customer_1635,52,Pune,2022-04-05
1636,Customer_1636,40,Chennai,2024-06-23
1637,Customer_1637,31,Jaipur,2022-12-06
1638,Customer_1638,41,Kolkata,2022-08-12
1639,Customer_1639,57,Hyderabad,2023-07-29
1640,Customer_1640,59,Delhi,2022-04-28
1641,Customer_1641,60,Jaipur,2023-04-02
1642,Customer_1642,33,Chennai,2024-09-08
1643,Customer_1643,20,Jaipur,2023-01-26
1644,Customer_1644,25,Pune,2022-09-20
1645,Customer_1645,52,Kolkata,2022-01-26
1646,Customer_1646,51,Jaipur,2023-06-11
1647,Customer_1647,50,Hyderabad,2023-05-14
1648,Customer_1648,20,Kolkata,2024-07-08
1649,Customer_1649,59,Chennai,2022-11-25
1650,Customer_1650,50,Mumbai,2024-08-28
1651,Customer_1651,24,Bangalore,2024-09-21
1652,Customer_1652,52,Delhi,2023-10-04
1653,Customer_1653,22,Chennai,2023-11-18
1654,Customer_1654,58,Chennai,2024-06-04
1655,Customer_1655,45,Mumbai,2022-07-30
1656,Customer_1656,52,Pune,2023-10-25
1657,Customer_1657,22,Bangalore,2022-01-25
1658,Customer_1658,47,Jaipur,2022-02-08
1659,Customer_1659,23,Mumbai,2022-02-25
1660,Customer_1660,29,Kolkata,2023-07-26
1661,Customer_1661,22,Chennai,2024-07-21
1662,Customer_1662,34,Pune,2023-02-02
1663,Customer_1663,46,Pune,2023-03-20
1664,Customer_1664,38,Delhi,2023-02-03
1665,Customer_1665,25,Delhi,2023-10-19
1666,Customer_1666,57,Mumbai,2024-02-14
1667,Customer_1667,55,Delhi,2023-12-19
1668,Customer_1668,22,Jaipur,2024-08-08
1669,Customer_1669,50,Mumbai,2022-10-24
1670,Customer_1670,37,Mumbai,2022-10-16
1671,Customer_1671,46,Pune,2023-02-09
1672,Customer_1672,60,Delhi,2023-05-01
1673,Customer_1673,28,Chennai,2022-05-20
1674,Customer_1674,43,Kolkata,2024-09-10
1675,Customer_1675,58,Bangalore,2022-11-02
1676,Customer_1676,59,Jaipur,2024-09-07
1677,Customer_1677,18,Bangalore,2022-05-07
1678,Customer_1678,20,Delhi,2023-08-10
1679,Customer_1679,56,Pune,2023-07-05
1680,Customer_1680,53,Mumbai,2022-11-09
1681,Customer_1681,31,Jaipur,2022-08-05
1682,Customer_1682,44,Bangalore,2022-06-14
1683,Customer_1683,29,Chennai,2023-09-24
1684,Customer_1684,34,Chennai,2022-04-28
1685,Customer_1685,29,Delhi,2024-05-21
1686,Customer_1686,53,Hyderabad,2023-10-23
1687,Customer_1687,53,Mumbai,2022-10-25
1688,Customer_1688,60,Mumbai,2022-09-14
1689,Customer_1689,24,Chennai,2024-01-14
1690,Customer_1690,55,Hyderabad,2024-09-01
1691,Customer_1691,39,Jaipur,2022-05-12
1692,Customer_1692,60,Chennai,2022-04-13
1693,Customer_1693,36,Mumbai,2024-07-10
1694,Customer_1694,30,Jaipur,2023-05-13
1695,Customer_1695,46,Jaipur,2023-09-24
1696,Customer_1696,60,Kolkata,2023-12-12
1697,Customer_1697,55,Bangalore,2023-08-03
1698,Customer_1698,54,Jaipur,2024-04-07
1699,Customer_1699,38,Pune,2022-06-22
1700,Customer_1700,18,Jaipur,2022-09-10
1701,Customer_1701,32,Pune,2022-10-11
1702,Customer_1702,41,Bangalore,2023-11-27
1703,Customer_1703,39,Hyderabad,2023-04-19
1704,Customer_1704,46,Jaipur,2024-03-04
1705,Customer_1705,37,Hyderabad,2023-07-19
1706,Customer_1706,24,Bangalore,2023-10-24
1707,Customer_1707,56,Mumbai,2024-05-11
1708,Customer_1708,35,Bangalore,2024-07-01
1709,Customer_1709,52,Chennai,2022-09-27
1710,Customer_1710,58,Mumbai,2024-01-15
1711,Customer_1711,22,Delhi,2024-05-19
1712,Customer_1712,50,Delhi,2024-04-12
1713,Customer_1713,55,Pune,2024-02-27
1714,Customer_1714,55,Chennai,2024-07-17
1715,Customer_1715,20,Kolkata,2023-07-11
1716,Customer_1716,52,Hyderabad,2023-11-01
1717,Customer_1717,27,Jaipur,2023-02-06
1718,Customer_1718,32,Kolkata,2022-05-18
1719,Customer_1719,47,Mumbai,2023-02-11
1720,Customer_1720,41,Delhi,2023-11-10
1721,Customer_1721,33,Bangalore,2024-02-15
1722,Customer_1722,50,Bangalore,2023-04-02
1723,Customer_1723,28,Bangalore,2023-08-03
1724,Customer_1724,54,Bangalore,2024-01-24
1725,Customer_1725,48,Jaipur,2022-02-11
1726,Customer_1726,32,Hyderabad,2022-08-26
1727,Customer_1727,22,Kolkata,2023-01-14
1728,Customer_1728,32,Delhi,2023-11-16
1729,Customer_1729,31,Jaipur,2023-02-02
1730,Customer_1730,48,Hyderabad,2024-06-21
1731,Customer_1731,20,Delhi,2023-10-27
1732,Customer_1732,38,Mumbai,2023-12-22
1733,Customer_1733,51,Kolkata,2024-05-04
1734,Customer_1734,34,Bangalore,2023-01-21
1735,Customer_1735,59,Pune,2023-01-10
1736,Customer_1736,55,Mumbai,2023-06-14
1737,Customer_1737,34,Pune,2024-09-23
1738,Customer_1738,32,Pune,2022-12-28
1739,Customer_1739,40,Hyderabad,2024-03-22
1740,Customer_1740,48,Delhi,2023-05-29
1741,Customer_1741,26,Hyderabad,2022-06-19
1742,Customer_1742,32,Mumbai,2023-06-11
1743,Customer_1743,59,Kolkata,2022-08-05
1744,Customer_1744,27,Bangalore,2022-06-11
1745,Customer_1745,41,Mumbai,2023-11-08
1746,Customer_1746,32,Pune,2024-04-10
1747,Customer_1747,39,Mumbai,2023-05-09
1748,Customer_1748,48,Hyderabad,2022-08-04
1749,Customer_1749,55,Bangalore,2023-10-25
1750,Customer_1750,44,Delhi,2022-09-07
1751,Customer_1751,20,Bangalore,2023-08-11
1752,Customer_1752,55,Bangalore,2022-05-18
1753,Customer_1753,58,Delhi,2024-07-01
1754,Customer_1754,54,Bangalore,2022-02-27
1755,Customer_1755,28,Kolkata,2024-08-02
1756,Customer_1756,29,Pune,2023-09-06
1757,Customer_1757,54,Delhi,2024-06-18
1758,Customer_1758,60,Kolkata,2024-08-27
1759,Customer_1759,23,Chennai,2023-04-05
1760,Customer_1760,56,Hyderabad,2024-06-07
1761,Customer_1761,48,Bangalore,2022-08-13
1762,Customer_1762,44,Bangalore,2024-03-24
1763,Customer_1763,55,Bangalore,2023-10-01
1764,Customer_1764,60,Kolkata,2022-06-21
1765,Customer_1765,39,Hyderabad,2023-09-03
1766,Customer_1766,55,Mumbai,2022-08-24
1767,Customer_1767,42,Pune,2022-05-16
1768,Customer_1768,24,Delhi,2022-07-27
1769,Customer_1769,51,Pune,2024-04-26
1770,Customer_1770,27,Mumbai,2022-07-01
1771,Customer_1771,48,Delhi,2024-06-17
1772,Customer_1772,52,Mumbai,2022-04-06
1773,Customer_1773,48,Bangalore,2024-07-12
1774,Customer_1774,56,Delhi,2024-07-07
1775,Customer_1775,59,Pune,2023-06-19
1776,Customer_1776,44,Jaipur,2024-06-14
1777,Customer_1777,20,Pune,2022-08-23
1778,Customer_1778,48,Pune,2022-12-25
1779,Customer_1779,55,Mumbai,2023-03-12
1780,Customer_1780,26,Kolkata,2023-05-04
1781,Customer_1781,32,Mumbai,2022-10-18
1782,Customer_1782,56,Pune,2022-09-21
1783,Customer_1783,30,Delhi,2023-12-28
1784,Customer_1784,18,Mumbai,2023-06-17
1785,Customer_1785,18,Pune,2023-11-02
1786,Customer_1786,31,Jaipur,2023-02-23
1787,Customer_1787,41,Mumbai,2022-06-08
1788,Customer_1788,45,Kolkata,2022-09-25
1789,Customer_1789,52,Pune,2023-08-02
1790,Customer_1790,41,Kolkata,2023-11-28
1791,Customer_1791,43,Chennai,2023-02-28
1792,Customer_1792,53,Hyderabad,2022-07-03
1793,Customer_1793,41,Hyderabad,2022-09-17
1794,Customer_1794,37,Jaipur,2024-03-03
1795,Customer_1795,43,Bangalore,2024-05-25
1796,Customer_1796,60,Mumbai,2024-02-05
1797,Customer_1797,32,Hyderabad,2024-03-12
1798,Customer_1798,28,Mumbai,2022-08-08
1799,Customer_1799,50,Pune,2024-03-15
1800,Customer_1800,39,Delhi,2022-06-14
1801,Customer_1801,42,Delhi,2024-04-03
1802,Customer_1802,23,Bangalore,2023-04-28
1803,Customer_1803,56,Pune,2022-04-01
1804,Customer_1804,22,Kolkata,2022-08-16
1805,Customer_1805,41,Mumbai,2023-09-16
1806,Customer_1806,20,Pune,2024-08-11
1807,Customer_1807,43,Kolkata,2023-12-30
1808,Customer_1808,56,Delhi,2024-08-26
1809,Customer_1809,29,Hyderabad,2023-03-26
1810,Customer_1810,18,Chennai,2024-05-20
1811,Customer_1811,60,Kolkata,2022-07-19
1812,Customer_1812,20,Chennai,2023-09-22
1813,Customer_1813,28,Delhi,2023-01-04
1814,Customer_1814,33,Delhi,2024-09-26
1815,Customer_1815,28,Mumbai,2022-10-10
1816,Customer_1816,43,Jaipur,2023-11-17
1817,Customer_1817,43,Pune,2023-08-24
1818,Customer_1818,30,Delhi,2024-01-25
1819,Customer_1819,22,Mumbai,2023-07-17
1820,Customer_1820,36,Jaipur,2022-12-22
1821,Customer_1821,35,Chennai,2023-09-13
1822,Customer_1822,30,Hyderabad,2024-08-10
1823,Customer_1823,43,Delhi,2022-09-25
1824,Customer_1824,29,Pune,2023-06-03
1825,Customer_1825,24,Mumbai,2023-05-31
1826,Customer_1826,36,Jaipur,2024-08-27
1827,Customer_1827,25,Kolkata,2024-06-16
1828,Customer_1828,52,Kolkata,2023-12-12
1829,Customer_1829,46,Pune,2023-07-31
1830,Customer_1830,48,Chennai,2024-02-15
1831,Customer_1831,39,Hyderabad,2023-11-29
1832,Customer_1832,47,Delhi,2023-05-09
1833,Customer_1833,25,Kolkata,2022-03-11
1834,Customer_1834,42,Chennai,2023-11-25
1835,Customer_1835,32,Jaipur,2023-02-27
1836,Customer_1836,40,Delhi,2023-12-19
1837,Customer_1837,34,Chennai,2022-10-22
1838,Customer_1838,23,Pune,2023-11-21
1839,Customer_1839,39,Mumbai,2023-07-22
1840,Customer_1840,29,Hyderabad,2022-11-18
1841,Customer_1841,40,Chennai,2024-07-04
1842,Customer_1842,54,Kolkata,2022-07-07
1843,Customer_1843,30,Hyderabad,2024-01-25
1844,Customer_1844,30,Chennai,2024-01-24
1845,Customer_1845,33,Kolkata,2022-07-31
1846,Customer_1846,32,Chennai,2024-05-04
1847,Customer_1847,33,Jaipur,2022-06-09
1848,Customer_1848,24,Mumbai,2024-07-31
1849,Customer_1849,23,Hyderabad,2023-09-21
1850,Customer_1850,18,Delhi,2024-05-18
1851,Customer_1851,48,Jaipur,2023-09-28
1852,Customer_1852,38,Hyderabad,2024-07-08
1853,Customer_1853,54,Kolkata,2023-05-18
1854,Customer_1854,29,Kolkata,2023-02-12
1855,Customer_1855,32,Bangalore,2022-02-25
1856,Customer_1856,51,Pune,2023-05-05
1857,Customer_1857,52,Delhi,2023-05-30
1858,Customer_1858,40,Pune,2024-05-31
1859,Customer_1859,29,Hyderabad,2024-09-26
1860,Customer_1860,25,Hyderabad,2022-11-20
1861,Customer_1861,18,Delhi,2023-11-22
1862,Customer_1862,31,Pune,2023-08-18
1863,Customer_1863,24,Jaipur,2023-01-06
1864,Customer_1864,57,Kolkata,2022-07-11
1865,Customer_1865,53,Kolkata,2022-08-31
1866,Customer_1866,35,Hyderabad,2024-09-08
1867,Customer_1867,57,Jaipur,2023-01-10
1868,Customer_1868,29,Hyderabad,2023-03-11
1869,Customer_1869,31,Pune,2023-12-19
1870,Customer_1870,41,Jaipur,2024-05-24
1871,Customer_1871,43,Kolkata,2023-04-07
1872,Customer_1872,29,Bangalore,2023-08-13
1873,Customer_1873,32,Mumbai,2024-01-09
1874,Customer_1874,35,Chennai,2023-07-23
1875,Customer_1875,45,Pune,2022-07-20
1876,Customer_1876,27,Bangalore,2023-04-30
1877,Customer_1877,18,Bangalore,2023-03-08
1878,Customer_1878,49,Bangalore,2024-07-03
1879,Customer_1879,58,Jaipur,2024-03-15
1880,Customer_1880,49,Kolkata,2022-09-14
1881,Customer_1881,53,Delhi,2023-02-12
1882,Customer_1882,24,Bangalore,2022-03-03
1883,Customer_1883,31,Kolkata,2023-05-03
1884,Customer_1884,58,Mumbai,2023-04-06
1885,Customer_1885,39,Kolkata,2023-01-05
1886,Customer_1886,41,Kolkata,2022-12-19
1887,Customer_1887,19,Pune,2022-05-05
1888,Customer_1888,40,Chennai,2023-08-14
1889,Customer_1889,54,Bangalore,2024-03-10
1890,Customer_1890,36,Jaipur,2022-11-29
1891,Customer_1891,50,Hyderabad,2024-03-04
1892,Customer_1892,46,Mumbai,2023-01-26
1893,Customer_1893,57,Kolkata,2023-04-20
1894,Customer_1894,58,Bangalore,2024-06-08
1895,Customer_1895,28,Jaipur,2023-03-08
1896,Customer_1896,58,Pune,2024-05-19
1897,Customer_1897,22,Mumbai,2022-06-15
1898,Customer_1898,39,Chennai,2022-11-18
1899,Customer_1899,38,Kolkata,2023-12-29
1900,Customer_1900,35,Pune,2022-10-05
1901,Customer_1901,46,Jaipur,2024-02-05
1902,Customer_1902,55,Hyderabad,2023-02-28
1903,Customer_1903,28,Bangalore,2024-05-24
1904,Customer_1904,19,Bangalore,2024-01-16
1905,Customer_1905,33,Kolkata,2024-08-21
1906,Customer_1906,23,Chennai,2022-06-20
1907,Customer_1907,43,Mumbai,2022-04-08
1908,Customer_1908,22,Hyderabad,2023-07-16
1909,Customer_1909,21,Delhi,2024-02-29
1910,Customer_1910,43,Mumbai,2022-04-17
1911,Customer_1911,34,Bangalore,2022-03-28
1912,Customer_1912,59,Pune,2022-11-13
1913,Customer_1913,32,Chennai,2024-01-26
1914,Customer_1914,36,Hyderabad,2023-10-04
1915,Customer_1915,26,Bangalore,2023-06-24
1916,Customer_1916,28,Delhi,2022-02-05
1917,Customer_1917,60,Jaipur,2024-05-31
1918,Customer_1918,38,Hyderabad,2023-04-24
1919,Customer_1919,52,Kolkata,2023-07-16
1920,Customer_1920,46,Bangalore,2024-09-19
1921,Customer_1921,52,Bangalore,2023-08-29
1922,Customer_1922,56,Hyderabad,2023-10-09
1923,Customer_1923,58,Pune,2023-06-21
1924,Customer_1924,58,Kolkata,2024-07-19
1925,Customer_1925,40,Hyderabad,2023-07-07
1926,Customer_1926,32,Mumbai,2023-03-29
1927,Customer_1927,37,Jaipur,2023-02-27
1928,Customer_1928,34,Bangalore,2022-11-07
1929,Customer_1929,18,Delhi,2023-06-20
1930,Customer_1930,26,Jaipur,2022-10-21
1931,Customer_1931,48,Delhi,2023-12-06
1932,Customer_1932,49,Hyderabad,2022-11-03
1933,Customer_1933,18,Pune,2024-03-28
1934,Customer_1934,36,Chennai,2024-03-26
1935,Customer_1935,18,Jaipur,2022-07-13
1936,Customer_1936,44,Pune,2023-02-09
1937,Customer_1937,33,Bangalore,2024-01-03
1938,Customer_1938,59,Pune,2024-04-28
1939,Customer_1939,42,Chennai,2022-09-27
1940,Customer_1940,23,Pune,2023-10-03
1941,Customer_1941,33,Kolkata,2022-10-19
1942,Customer_1942,59,Kolkata,2023-02-27
1943,Customer_1943,30,Mumbai,2022-07-06
1944,Customer_1944,26,Kolkata,2022-04-24
1945,Customer_1945,58,Hyderabad,2023-09-25
1946,Customer_1946,46,Kolkata,2023-12-19
1947,Customer_1947,57,Hyderabad,2022-07-12
1948,Customer_1948,38,Delhi,2022-06-05
1949,Customer_1949,21,Delhi,2022-07-10
1950,Customer_1950,24,Kolkata,2022-10-03
1951,Customer_1951,26,Hyderabad,2024-01-15
1952,Customer_1952,18,Chennai,2022-04-03
1953,Customer_1953,27,Delhi,2023-05-21
1954,Customer_1954,31,Jaipur,2023-03-07
1955,Customer_1955,37,Hyderabad,2023-01-16
1956,Customer_1956,47,Delhi,2022-12-05
1957,Customer_1957,23,Bangalore,2022-02-27
1958,Customer_1958,35,Pune,2022-03-15
1959,Customer_1959,52,Hyderabad,2022-07-05
1960,Customer_1960,30,Kolkata,2024-04-16
1961,Customer_1961,42,Delhi,2022-05-05
1962,Customer_1962,33,Pune,2024-02-29
1963,Customer_1963,46,Chennai,2024-01-26
1964,Customer_1964,20,Chennai,2023-04-17
1965,Customer_1965,24,Chennai,2023-04-30
1966,Customer_1966,42,Kolkata,2024-08-16
1967,Customer_1967,38,Bangalore,2023-10-07
1968,Customer_1968,20,Mumbai,2022-09-17
1969,Customer_1969,48,Kolkata,2022-07-23
1970,Customer_1970,41,Delhi,2024-06-03
1971,Customer_1971,60,Chennai,2024-09-23
1972,Customer_1972,25,Chennai,2023-10-11
1973,Customer_1973,45,Jaipur,2022-01-16
1974,Customer_1974,28,Kolkata,2023-08-22
1975,Customer_1975,25,Pune,2024-03-19
1976,Customer_1976,33,Delhi,2024-09-19
1977,Customer_1977,20,Hyderabad,2023-12-06
1978,Customer_1978,56,Bangalore,2023-01-16
1979,Customer_1979,23,Chennai,2022-06-11
1980,Customer_1980,49,Mumbai,2023-12-04
1981,Customer_1981,57,Jaipur,2024-08-11
1982,Customer_1982,58,Delhi,2022-03-03
1983,Customer_1983,40,Bangalore,2023-12-20
1984,Customer_1984,52,Mumbai,2022-05-09
1985,Customer_1985,49,Chennai,2022-11-21
1986,Customer_1986,53,Jaipur,2024-04-04
1987,Customer_1987,46,Chennai,2022-01-22
1988,Customer_1988,42,Jaipur,2024-01-12
1989,Customer_1989,26,Kolkata,2024-07-09
1990,Customer_1990,20,Hyderabad,2023-12-25
1991,Customer_1991,46,Kolkata,2023-07-10
1992,Customer_1992,49,Chennai,2023-08-04
1993,Customer_1993,29,Jaipur,2022-11-28
1994,Customer_1994,47,Kolkata,2024-06-07
1995,Customer_1995,56,Bangalore,2022-03-12
1996,Customer_1996,51,Bangalore,2023-04-06
1997,Customer_1997,36,Kolkata,2023-07-09
1998,Customer_1998,41,Hyderabad,2022-01-01
1999,Customer_1999,58,Pune,2024-01-22
2000,Customer_2000,29,Delhi,2023-09-27
